Site_ID,Site_name,Sorting,Date,Time,latitude,longitude,Air_temp,Cloud (%),Wind_km.hr,Field_team,Secchi.m,Depth.m,Max_depth.m,DO Calibration%,Sample_depth,Depth_grouped,Surface_Temp,Surface_DO.sat,Surface_DO.mg.L,Surface_Cond,Surface_Sal.ppt,Surface_pH,Deep_Temp,Deep_DO.sat,Deep_DO.mg.L,Deep_Cond,Deep_Sal.ppt,Deep_pH,TDS.mg.L,YSI_atm,Core_length (cm),Sediment_depth,Bottle_Temp_In,Bottle_temp_out,Tows,Floating_chamberY/N,Chla,NH3.mg.N.L,SRP.mg.P.L,Nitrate_Nitrite.ug.N.L,TP.mg.P.L,TN.ug.N.L,NP_ratio,TN_TP,DIC.mg.L,DIC.uM,DOC.mg.L,DOC.uM,pCO2,CO2.uM,CO2.uM.error,pCH4,CH4.uM,CH4.uM.error,pN2O,N2O.nM,N2O.nM.error,d15N_bulk,d13C_bulk,mgN_bulk,mgC_bulk,PercentN_bulk,PercentC_bulk,sediment_C_N,sediment_C_Norg,d15N_org,d13C_org,mgN_org,mgC_org,PercentN_org,PercentC_org,d2H,d18O,EtoI,Regime,Water_Source,RT,d_excess,delI18O,delI2H,Inflow,General Comments,Water_class,Landuse,Age.years,NP.ratio,Alk.mg.L,b.f.max,b.f.min,Area.m,Perimeter,Volume.m3,SI,SO4.mg.L
14A,Cow Dugout,,12-Jul-17,10:15 AM,51.04648,-104.65134,21.5,5,,"JW, JB, C",1.52,4.1,4,103.1,0,0,20.4,58.0,4.94,5179,3.07,8.92,14,2.4,0.23,4322,2.98,8.68,2930.81,715.6,26,,22.5,22.6,1,Y,13.13894297,0.25,0.84,13.67,0.62,5280,6.285714286,8.516129032,75.886,6318.56786,59.561,4959.28393,221.7155519,7.9534444,1.653152908,278.29761,0.39448974,0.054362951,0.259158104,6.816001091,0.2179498,7.402645347,-22.48826767,22.06324224,244.5651312,0.533057314,5.908797565,12.93218754,10.01998607,6.590384511,-28.2049574,24.02133566,206.3086703,0.439146904,3.771639311,-65.65,-4.98,0.481888509,restricted,rain,1.462634126,-25.81,-9.362675055,-72.60710493,793.3532651,"Low water level, sediment depth needs to be recorded. macrophytes growing near edge of water",Livestock,Pasture-livestock,,18.83216866,393.62,0.008925018,0,1660,179,4996.998,1.239350239,3457.29
14B,Sheep Dugout,,12-Jul-17,12:50,50.995,-104.68568,26.4,40,1.1,"JW, JB, C",1.56,2.1,2,100,0,0,23.0,85.1,6.98,1291,0.67,8.44,19,24.7,2.26,1200,0.68,8.16,698.80,713.9,24.5,,25.7,26.1,1,Y,3.003353625,0.11,0.07,12.6,0.11,2550,36.42857143,23.18181818,81.645,6798.084929,32.06,2669.442132,1548.921184,52.0532874,0.86436468,768.9713513,1.049527036,0.00438815,0.234260825,5.769869318,0.006313781,4.796105077,-16.71068218,12.37040359,200.0863037,0.273197959,4.418867131,18.8703642,13.42001883,6.2133029,-27.33532313,15.61285229,179.5926615,0.297955196,3.427340869,-88.4,-8.74,0.297081736,open,rain,0.531283323,-18.48,-13.09341163,-101.483006,460.4816924,,Livestock,Pasture-livestock,,51.26318638,398.07,0.007683899,0.000852008,1550,188,2771.958,1.347060397,325.05
20,,,24-Jul-17,11:41,50.10833,-102.04143,27.3,50,17,"L, C",0.67,1.2,1,99.3,0,0,21.2,97.2,8.58,1369,0.74,9.11,20.7,96.6,8.6,2188,1.23,9.11,743.13,701.4,,37,21.2,23.7,2,N,17.43292593,0.09,0.01,7.76,0.02,1870,187,93.5,43.118,3590.174854,21.656,1803.16403,190.3206407,6.610101598,0.462528053,502.9513274,0.697881284,0.009736168,0.348929373,8.9023431,1.443818043,4.708108541,-18.13820568,24.23830269,377.6555248,0.496381378,7.73408816,18.1777626,9.907393697,5.008980363,-28.36549633,32.55524909,276.4608597,0.686819601,5.832507589,-89.1,-8.4,0.395844752,open,rain,0.492207183,-21.9,-13.56406362,-105.1258524,531.8139873,Almost no Zoops dugout was dug on top of an old one,Isolated,Pasture-livestock,,206.7615184,221.47,0.001268853,0.000856074,1460,165,1670.544,1.21815509,#N/A
49,,,24-Jul-17,13:15,50.02262,-101.88369,27.2,100,17,"L, C",0.5,0.8,1,102.9,0,0,21.8,95.5,7.46,1400,0.75,9.14,21,70.9,6.28,1369,0.74,9.07,760.75,703.5,,80,21.7,23.8,1,,4.4155892,0.11,0.01,7.62,0.05,3070,307,61.4,61.194,5095.253955,31.211,2598.751041,288.2808967,9.871321669,2.000999252,1449.386242,1.99356568,0.170723082,0.45153325,11.34843183,5.033141672,7.526793573,-16.5443913,26.18500702,392.3874631,0.621971663,9.320367293,17.4827287,11.17437026,6.676808609,-24.86755899,45.76928702,438.3796797,0.917220181,8.785163923,-74.1,-5.78,0.59244552,restricted,rain,0.505429275,-27.86,-11.01531552,-85.39854215,364.1768871,YSI behaving oddly bounced between readings and then gave ???,,Grassland,,135.7770827,261.7,0.00347304,0.00347304,670,110,524.416,1.198809986,NV
54B,,,24-Jul,14:33,49.97308,-101.76763,25.1,90,17,"L, C",0.9,0.45,0.5,74.3,0,0,20.5,98.7,8.84,1421,0.78,10.19,19.1,43.1,4.16,1376,0.78,10.1,772.69,704.4,,11,21.3,24.4,1,N,40.36657993,0.16,0.02,11.75,0.05,2240,112,44.8,21.665,1803.913405,28.532,2375.686928,76.4801424,2.72154116,NA,1159.18237,1.637456638,1.637456638,1.637456638,1.637456638,1.637456638,3.52397544,-15.55480168,19.19789501,320.8823508,0.385654781,6.446009457,19.50019741,10.33345889,4.258078026,-26.61989795,30.66189677,271.5800997,0.665117067,5.891108454,-74.1,-6.12,0.496657021,restricted,rain,0.249490021,-25.14,-10.7766189,-83.55103031,608.8742502,Cows everywhere lake covered in macrophytes off side of road,Livestock,Pasture-livestock,,99.06862059,155.39,0.005618204,0.005618204,1340,176,615.839625,1.356298672,211.46
53A,,,25-Jul-17,9:00,49.95133,-101.79024,17.1,0,21,"L, C",0.51,2.7,3,95.4,0,0,19.2,110.8,10.15,2504,1.47,9.8,15.6,1.8,0.18,2374,1.53,8.8,1390.22,707.4,,40,19,18.8,3,N,97.8888477,0.24,0.04,3188.68,0.06,6440,161,107.3333333,21.48,1788.509575,31.687,2638.384679,36.12475504,1.336775485,0.026379216,428.1725926,0.62091386,0.007222553,4.031418913,109.7906943,1.669345267,4.718207468,-22.02955875,36.81872567,432.7181539,0.762450314,8.960823233,13.71144267,9.451137196,5.273131975,-28.92564702,39.64440096,321.1582907,0.937219881,7.592394579,-83.1,-9.86,0.076075477,open,rain,0.18761222,-4.22,-11.03339388,-85.53846867,128.4304291,Fish,,Grassland,,237.3519035,129.27,0.011818747,0,1840,193,4163.319,1.269239167,799.61
54A,,,25-Jul-17,10:04,49.94727,-101.76752,19.2,5,21,"L, C",0.34,1.6,1.5,92.2,0,0,19.3,82.0,7.55,1860,1.08,8.85,18.7,60.9,5.59,1840,1.07,8.79,1022.57,707.5,,66,18.9,19.9,3,N,101.1310573,0.1,0.0042,12.26,0.04,2340,557.1428571,58.5,70.368,5859.117402,31.823,2649.708576,527.3856861,19.49634279,0.402800986,1748.00464,2.536242582,0.02476287,0.187859218,5.112911664,0.038244317,3.474170997,-23.50075235,35.50096318,445.7114481,0.792255371,9.946696009,14.64739666,10.05075216,3.447113978,-30.53404016,48.85887335,420.9157944,1.057551371,9.11073148,-78.95,-8.71,0.144339714,open,rain,0.213204077,-9.27,-10.66896121,-82.71775976,35.72270575,,,Grassland,,129.3641586,333.04,0.00192765,0.000379144,270,70,365.568,1.201741962,430.76
52,,,25-Jul-17,11:27,49.85824,-101.71194,19.4,90,21,"L, C",0.49,1.1,1,98.2,0,0,20.2,89.8,8.07,2463,1.41,8.74,20.2,89.5,8.04,2452,1.4,8.74,1366.78,708.3,,67,19.9,20.6,3,N,25.24528767,0.1,0.03,114.86,0.07,2630,87.66666667,37.57142857,64.443,5365.778518,33.52,2791.007494,582.5699329,20.96659535,0.105885866,617.0109834,0.878226899,0.003885687,0.275956683,7.29941165,1.643558791,5.170334802,-21.81851818,16.73469329,194.4430852,0.351347749,4.082365846,13.55568711,10.75317988,5.367358424,-26.55592061,16.35612654,150.7546036,0.383946632,3.53884046,-72.7,-7.335,0.222485406,open,rain,0.234794408,-14.02,-9.88044647,-76.61465568,161.6439527,YSI behaving oddly bounced between readings and then gave ???,,Pasture-livestock,,83.08369648,288.92,0,0,790,126,766.733,1.264596768,726.23
48A,,,24-Jul-17,14:00,49.98583,-101.9271,25.3,90,21,"JW, JB",0.63,1.5,1.5,101.7,0,0,22.0,96.5,7.73,2170,1.19,8.62,19,19,0.09,2032,1.18,8.12,1199.39,699.5,,59,23.1,24.3,3,N,38.66333318,0.1,0.05,13.98,0.09,2400,48,26.66666667,69.843,5815.40383,31.317,2607.577019,612.871573,20.70676342,NA,1051.251509,1.428291169,1.428291169,1.428291169,1.428291169,1.428291169,6.562976556,-17.76723091,21.91006896,306.1957205,0.52291334,7.307773758,16.30430014,11.67498941,5.119088837,-26.81619494,27.95180373,279.7174394,0.610301391,6.107367672,-77.5,-7.35,0.318646896,open,rain,0.447139538,-18.7,-10.99382763,-85.23222588,135.225338,Cattails covering most edges on the side. Shakey bottle surf 1 of 2 started inhecting with closed valve then proceeded as normal,Isolated,Pasture-livestock,,58.96941702,317.97,0.007294259,0.002344885,460,92,595.5,1.210051849,941.76
51,,,24-Jul-17,16:19,49.99234,-101.90707,29,35,21,"JW, JB",0.57,0.8,1,98.2,0,0,23.4,145.5,10.93,2069,1.06,9.16,21.8,127.7,10.89,2093,1.07,9.07,1141.75,700.3,,144,25.1,26.1,3,N,50.42600378,0.09,0.00207,16.83,#N/A,#N/A,#N/A,#N/A,32.651,2718.651124,28.185,2346.794338,NA,NA,NA,NA,NA,NA,NA,NA,NA,4.291538877,-18.92770209,25.84150195,448.6714342,0.580186393,10.07344935,20.2561758,11.9606227,3.962194047,-27.74972375,59.23100758,607.2340574,1.028316104,10.54225794,-87.25,-9.1,0.231553095,open,rain,0.201503383,-14.45,-12.39247955,-96.05779172,247.3347019,"Shallow, frogs macrophytes throughout dugout",,Pasture-livestock,,NA,153.11,0.007329399,0.007329399,1160,146,929.536,1.209257889,1163.92
48B,,,24-Jul-17,12:10,49.99197,-101.9299,27.4,40,21,"JW, JB",0.85,2.4,2.5,100.8,0,0,22.7,95.4,7.72,1773,0.90,8.51,14,0,0,1882,0.93,6.98,973.01,699,,28,22.7,25.1,3,N,19.38683844,0.09,0.02,6.69,0.04,2550,127.5,63.75,48.601,4046.711074,33.103,2756.286428,617.1745461,20.45756435,1.124628938,405.890846,0.544726703,0.002399243,0.256818062,6.23958538,0.631384856,4.670825499,-22.68287773,26.1390128,300.0931448,0.519662282,5.966066498,13.3941045,10.0041274,3.701980869,-30.63040281,31.20011975,267.5399769,0.588681505,5.047924092,-82.9,-9.59,0.101224387,open,rain,0.186861163,-6.18,-11.10982199,-86.13002219,32.67414613,"Bordered by cattails, weeds edges, banks exposed 30cm surrounded by grassland",Isolated,Domestic,,140.9737626,218.7,0.015714281,0.004178506,350,77,595.872,1.161052268,953.88
55B,,,25-Jul-17,9:03,49.91539,-101.69835,20,50,3,"JW, JB",0.6,2.5,2.5,101.7,0,0,20.4,82.1,6.88,416.7,0.20,9.01,15.9,0.9,0.08,392.4,0.23,7.3,214.98,705.1,,34,21.4,21.8,2,Y,33.39791168,0.11,0.02,7.09,0.03,1670,83.5,55.66666667,33.615,2798.917569,17.865,1487.510408,157.4396947,5.639525306,0.038485096,1159.189848,1.648330829,0.002085578,0.210935353,5.560417555,1.053477799,3.511682255,-15.91604871,12.7881581,199.3940541,0.275666266,4.298211988,18.19076638,9.524595476,3.858844478,-27.25626433,15.30703793,124.9657236,0.316915899,2.587282062,-85.8,-8.7,0.265323759,open,rain,0.559246881,-16.2,-12.29656621,-95.31542247,672.6588257,"sediment varies between solid patches and deep patches. Cattails and tall grass around edges. Steep banks, surrounded by grassland and bean crop. Very high wind but sheltered on dugout",Pump,Crop,,123.098658,141.05,0.012828965,0,2770,246,5343.75,1.318530835,742.85
4G,,,27-Jul-17,9:42,50.39611,-104.57745,25.6,0,6,"L,JW",0.32,1.3,1.5,88.5,0,0,20.4,47.7,3.95,501.7,0.24,7.73,15.5,0.4,0.04,586.1,0.29,6.87,259.66,709.9,,64,21.1,22.4,1,Y,46.48100025,0.03,0.02,1.83,0.06,2040,102,34,61.688,5136.386345,66.448,5532.722731,4940.09569,178.1268767,0.353360611,1427.102577,2.042598401,0.002364506,0.517353938,13.72742052,1.620332899,#N/A,#N/A,#N/A,#N/A,#N/A,#N/A,#N/A,#N/A,#N/A,#N/A,#N/A,#N/A,#N/A,#N/A,-79.3,-6.97,0.3910845,open,rain,0.413997683,-23.54,-12.07051565,-93.56579109,263.078219,,,Crop,,75.1860067,271.95,0.00985773,0.001188185,630,110,712.101,1.236281807,0
4D,,,27-Jul-17,12:30,50.35226,-104.57456,28.3,0,6,"L,JW",,1.6,1.5,109.2,0,0,25.4,122.0,9.45,263.1,0.12,9,20,2.6,0.24,292.4,0.14,7.2,134.64,709.6,,60,25.4,,1,N,27.44330157,0.33,0.07,39.8,0.11,3010,43,27.36363636,32.376,2695.753539,27.236,2267.776853,277.5025791,8.701701512,0.24551803,3083.542357,4.016866716,0.015428622,0.254363663,5.832704282,0.029037394,5.890194257,-25.28001201,23.3730439,211.9638161,0.543685599,4.93053771,10.58018459,10.22756896,5.74280464,-27.51598217,27.46801897,240.7980499,0.524198835,4.595382631,-82.1,-6.35,0.595066487,restricted,rain,0.76913384,-31.3,-13.66046687,-105.8720136,510.1011264,"lots of green stuff in tow, flaxseed field",Isolated,Crop,,60.51066314,118.11,0.01807422,0.003309889,800,124,1107.968,1.236721069,NV
4E,,,27-Jul-17,13:30,50.35349,-104.57772,32.7,0,6,"L,JW",0.37,1.1,1,100,0,0,24.2,91.0,6.97,766,0.37,8.11,20.6,17.6,1.49,776,0.38,7.77,400.96,709.3,,117,,,2,N,5.8651535,0.25,2.6,231.55,0.67,4140,1.592307692,6.179104478,89.301,7435.553705,37.441,3117.485429,4546.905323,147.0674576,2.793383693,4851.413744,6.445657681,0.114306787,0.661383927,15.66090481,0.36165346,6.353787941,-21.96800951,22.89795565,185.1447891,0.399336513,3.228894125,9.433254969,9.19708925,7.03659225,-25.70787814,15.44614735,121.7653678,0.326557026,2.574320672,-67,-3.82,0.796002406,restricted,rain,0.757640141,-36.44,-10.95600284,-84.939462,520.2984281,GHG vial #2 only 10ml air,,Crop,,13.66418208,377.17,0.009846485,0.006496897,610,111,622.138,1.267806953,NV
4C,,,27-Jul-17,12:47,50.33757,-104.50439,,0,6,"C, R",0.41,0.8,1,93.4,0,0,23.7,131.1,11.09,592,0.29,9.88,22.6,128,11.15,578,0.3,9.86,307.10,712,11,25,22.3,23.6,2,N,31.76049365,0.06,<LOD,4.81,0.03,1630,#VALUE!,54.33333333,39.19,3263.114072,23.412,1949.37552,68.80211258,2.265567019,0.618566423,541.1347724,0.72872974,0.002267144,0.261704821,6.313448373,0.945226848,5.028106013,-20.29038514,14.42091713,149.4029231,0.24123314,2.499212498,12.0868464,9.823814317,4.234569345,-27.19810181,13.18217895,110.9993814,0.231266297,1.947357568,-62.3,-3.59,0.690845429,restricted,rain,0.455860267,-33.58,-9.537269213,-73.95846371,2727.389096,,,Crop,,120.1501872,111.98,0.005157609,0.005157609,3690,253,2605.056,1.174904064,NV
4B,,,27-Jul-17,9:58,50.56744,-104.46211,25,0,6,"C, R",0.36,2,2,93.1,0,0,21.7,126.5,11.08,721,0.38,9.85,17.9,7.7,0.73,740,0.42,8.82,375.47,712.6,15,22,20.6,21.6,1,N,107.4294982,0.19,0.12,14.17,0.19,3050,25.41666667,16.05263158,29.371,2445.545379,31.655,2635.720233,144.457006,5.033305122,0.795878276,5766.234864,8.067854521,1.626771023,0.29817387,7.630272097,1.870952751,4.894124928,-28.28850821,38.7216865,392.0982871,0.776452507,7.862408004,11.81374168,11.02843267,5.130919425,-29.27486455,41.76521986,394.8042131,0.701936468,6.635364926,-82.8,-6.54,0.58791903,restricted,rain,0.977041872,-30.48,-13.65619497,-105.8389491,633.9570917,"Lot of filamentous phytos, right off road, surrounded by grass",Isolated,Crop,,35.49803722,148.86,0.005705545,0.00387989,1030,141,1792,1.239354558,0
4A,,,27-Jul-17,11:38,50.33809,-104.4821,29.3,0,6,"C, R",0.2,2.1,2,95.4,0,0,22.7,110.1,9.51,617,0.31,8.68,19.4,1.9,0.18,583,0.32,7.37,320.22,712.1,14,24,21.6,24.3,2,N,48.25065377,#N/A,#N/A,#N/A,#N/A,#N/A,#N/A,#N/A,#N/A,#N/A,#N/A,#N/A,266.2412257,9.01471405,0.331870617,1123.233053,1.541281353,0.023512437,0.237518387,5.899250565,0.086171579,4.101816137,-30.06712857,47.20816653,440.631393,1.019835095,9.518932663,10.88942859,10.81939059,4.143059198,-31.4218889,44.59812797,413.5924852,0.978029122,9.070010639,-92.55,-9.175,0.298692269,open,rain,0.496012994,-19.15,-13.93994261,-108.0351558,245.8150124,,,Crop,,NA,#N/A,0.00753412,0.001588449,770,123,1366.638,1.250416848,#N/A
62E,,,1-Aug-17,14:25,50.31057,-106.42409,17,100,2.8,"L, C",0.97,1.9,2,98.1,0,0,20.8,29.1,2.37,5360,3.17,8.17,20.9,28.4,2.31,5378,3.19,8.19,3035.83,705.2,,30,21.8,21.6,,N,11.6997516,1.89,1.26,462.92,1.61,9480,7.523809524,5.888198758,126.234,10510.74105,77.019,6412.905912,2135.897735,74.60435597,2.955089669,706.841346,0.97898575,0.055883097,1.314650361,33.64335433,9.040314778,14.2875868,-27.49351143,45.38338484,465.4504823,1.090946751,11.18871352,11.96529445,10.44962303,13.89758243,-30.2547781,62.84174531,562.8621849,1.251827596,11.21239412,-56.1,-2.1,0.881809674,restricted,rain,1.382926498,-39.3,-8.805355898,-68.29345465,2996.208649,Very dried up. Fish,,Grassland,,13.0208868,628.97,0,0,3080,229,5328.702,1.164005928,1802.54
62B,,,1-Aug-17,12:42,50.33084,-106.507811,17.2,100,3.5,"L, C",0.27,1,1,102.3,0,0,20.3,63.0,5.25,2154,1.22,9.07,20.3,64.2,5.35,2158,1.22,9.07,1190.26,706.3,,74,21.2,20.5,,N,40.48132025,0.06,0.02,5.28,0.08,3760,188,47,150.574,12537.38551,42.599,3546.960866,408.1203439,14.61705249,0.262657785,1324.124385,1.877844845,0.004138173,0.38584167,10.15767096,4.319183858,8.076695867,-9.856608123,18.53685313,470.7428572,0.389429688,9.889555824,29.62746676,9.79600205,7.163675158,-24.57850643,44.43478561,373.0999294,0.996295641,8.365469268,-76.3,-5.605,0.577715605,restricted,rain,0.380267448,-31.46,-12.5115857,-96.9796733,1083.503059,,,Pasture-livestock,,103.9335975,755.49,0,0,1700,172,1234.5,1.17679023,572.85
62C,,,1-Aug-17,11:34,50.31712,-106.50479,17.3,100,0,"L, C",0.64,1.1,1,95.7,0,0,20.5,38.1,3.18,1108,0.60,8.58,20.5,36.4,3.04,1107,0.6,8.58,594.89,706.3,,37,21.4,21.2,2,N,3.5316949,0.48,0.17,402.68,0.25,4430,26.05882353,17.72,121.982,10156.70275,38.518,3207.160699,1085.277399,38.75605839,0.855075963,2285.620596,3.241006432,0.0030221,1.150167321,30.20665987,21.30590103,8.141253307,-15.26587212,25.13396363,422.7037016,0.619673659,10.4216889,19.62103256,9.794197502,7.218580632,-26.92890323,51.33477833,430.9568208,1.245989765,10.46011701,-97.2,-10.64,0.178396986,open,rain,0.170094528,-12.08,-13.88997295,-107.6483906,173.3745779,Raining,,Pasture-livestock,,39.18517761,595.93,0,0,880,125,926.618,1.188676686,230.89
61A,,,1-Aug-17,9:51,50.23982,-106.12133,20.1,100,3.5,"J, JW",0.84,2.1,2,90.6,0,0,21.8,60.0,5.27,1408,0.77,9.48,21.1,55.8,5.05,1410,0.77,9.51,765.30,708.7,,50,20.5,20,2,N,3.245698086,0.12,0.04,6.29,0.07,3630,90.75,51.85714286,31.514,2623.980017,44.38,3695.253955,98.15523293,3.385566589,0.231281738,826.7403037,1.145407602,0.170184484,0.20763187,5.256385243,0.771601378,NA,-16.26202644,9.613966809,137.5244569,0.227981191,3.261191769,16.68876156,9.923445791,6.465009298,-25.94942805,9.969307616,84.79704317,0.215319819,1.831469615,-77.4,-6,0.519275504,restricted,rain,0.714386985,-29.4,-12.46264231,-96.60085145,628.9122454,"Cow access, green macrophytes at entrance. Clearly lower than usual. Pasture",Livestock,Pasture-livestock,,114.6744556,158.25,0.002616852,0,1100,151,1666.203,1.284327177,NV
61B,,,1-Aug-17,13:46,50.23964,-105.99758,16.1,100,4.8,"J, JW",1.92,1.92,2,91.8,0,0,21.2,44.0,3.79,4886,2.85,7.48,21.2,35.6,3.12,4901,2.86,7.47,2761.02,708.6,,35,20.4,19.7,2,N,2.38577762,0.22,0.03,10.01,0.02,1880,62.66666667,94,23.564,1962.03164,24.782,2063.447127,2391.115528,83.0865042,1.045872328,384.7743095,0.532355796,0.000709693,0.573469569,14.59775427,9.344442688,6.703210072,-14.13058522,20.36868618,373.0205818,0.408517573,7.481359442,21.36567253,10.75250692,7.017301138,-24.28973109,18.25086112,168.2078661,0.341137591,3.144072264,-76.4,-5.52,0.602446089,restricted,rain,0.811002279,-32.24,-12.63300157,-97.91943217,1006.49829,"Direct cow access. moss on perimeter, large long dugout, small eckman sample - took sediment from shore",Livestock,Pasture-livestock,,207.867195,164.94,0,0,1520,172,2249.048064,1.244519543,3685.07
61C,,,1-Aug-17,11:50,50.25328,-106.07295,17,100,0,"J, JW",0.25,2.6,2.5,85.9,0,0,20.4,44.9,4,756,0.41,8.25,19.3,1,0.09,767,0.42,7.51,395.30,706,,43,20,20.3,2,N,59.8352718,0.05,0.03,9.11,0.05,2480,82.66666667,49.6,58.694,4887.094088,28.824,2400,1496.094126,53.60652333,0.216631846,326.4572164,0.464195119,0.013964755,0.218063755,5.748481068,0.021784131,4.200331747,-23.05573262,24.26961812,238.2076036,0.506249856,4.968869494,11.45089591,9.622881966,4.015701454,-28.60769845,22.79383916,188.0077918,0.448697621,3.700940784,-85.1,-7.33,0.443527145,restricted,rain,0.760972008,-26.46,-13.56889216,-105.1632253,317.0915012,"Direct cow access. Saw farmer on quad - confirmed Saskpastures. Raining, no wind. No visible veg. Pasture - different from original 61C",Livestock,Pasture-livestock,,109.6831157,235.07,0.004425782,0,650,110,1226.628,1.217113487,#N/A
56A,,,2-Aug-17,10:00,49.98368,-105.28633,15.1,90,14.8,"J, L",0.88,2.7,3,94.3,0,0,20.8,76.4,6.84,7805,4.73,8.4,16.5,13.7,1.31,7488,5.03,7.61,4463.82,707.3,8,61,20,19.9,2,N,3.49429128,0.06,0.05,4.19,0.08,3060,61.2,38.25,90.156,7506.74438,37.727,3141.298918,857.6083935,29.82826088,0.514661628,304.2489923,0.41855682,0.000292232,0.158843092,4.039504861,0.029511964,9.223032115,-20.55017936,15.56529166,196.7778957,0.288888115,3.652150997,14.74911082,10.31308166,8.599618171,-28.45457968,12.14009318,107.3158048,0.245750874,2.172384713,-80.5,-7.28,0.350042236,open,rain,0.654042207,-22.26,-12.22367051,-94.75120977,310.7374109,Very  steep banks. rained last night,,Grassland,8,84.58425753,437.75,0.015781594,0,800,136,1658.664,1.356403753,5343.49
56B,,,2-Aug-17,11:58,49.98273,-105.30243,16.7,20,20.5,"J, L",0.41,2.4,2.5,96.2,0,0,20.6,50.4,4.42,6506,3.91,8.43,20.6,46.6,4.1,6501,3.91,8.43,3702.98,708.1,24.5,53,19.9,20.2,1,N,46.78629513,0.06,0.06,4.44,0.11,3540,59,32.18181818,74.764,6225.145712,45.26,3768.526228,1197.391056,42.09356626,0.140649212,61.47219688,0.085433535,0.00028857,0.247365271,6.366873922,0.031707059,6.212469138,-20.76697191,19.61119592,270.3087051,0.472672835,6.515032661,16.0806183,10.03097266,6.81924666,-29.46607608,38.70857219,332.8153966,0.639811111,5.501080936,-76.3,-6.9,0.327315036,open,rain,0.632398294,-21.1,-11.37105938,-88.15199961,5047.554276,Solar panels for aeration or pump. More like a slough than dugout. Easy acces,Pump,Grassland,7,71.16536463,353.84,0.000418853,0,13900,606,29794.752,1.449974258,3300.01
66A,,,2-Aug-17,10:31,50.12525,-103.86236,17.8,75,6,"C,  Jw",,1.7,2,97.8,0,0,19.6,112.4,9.56,3208,1.89,9.19,19.5,86.7,7.4,3204,1.89,9.11,1793.58,713.2,,25,20.7,21,3,Y,29.9486789,0.05,0.00566,1.21,0.02,2490,439.9293286,124.5,76.461,6366.444629,33.523,2791.257286,165.6379014,6.095143982,NA,440.7555335,0.637473871,NA,0.605831222,16.38862642,NA,4.122355868,-17.0242141,14.54481729,206.6396579,0.328103255,4.661395397,16.57494874,9.162192668,4.476983257,-28.17316704,20.90166941,164.1472476,0.430962256,3.384479332,-77.9,-6.345,0.491884162,restricted,rain,0.400670807,-27.14,-12.14827467,-94.16764596,505.5016556,pumping from dugout. Rained 1 inch day before. 10 yrs old. never treated no animal access. Flushes out every spring. Upstream pasture and farmland several miles away.,Pump,Grassland,10,275.3134657,439.63,0.000794213,0,980,135,837.114,1.216510323,850.34
66B,,,2-Aug-17,12:56,50.13197,-103.84161,18.9,50,3.2,"JW, C",0.58,3.2,3,100,0,0,19.9,90.4,7.59,3332,1.75,9.2,14.3,1.7,0.16,4013,2.16,8.52,1864.78,713.5,,64,20.2,20.5,3,N,33.67624104,0.07,0.01,3.11,0.03,2460,246,82,51.026,4248.626145,34.763,2894.50458,156.1862225,5.703140815,NA,604.3500616,0.869916679,0.011413909,0.22394466,6.009959676,NA,3.931258011,-17.74396787,16.03336369,209.140928,0.263446659,3.436426684,15.21812603,10.61438658,4.748433715,-25.30628521,10.63635426,96.77003649,0.228738801,2.081076054,-80.9,-8.82,0.15464368,open,rain,0.380650345,-10.34,-11.16435156,-86.55208105,207.1784253,"Direct cattle access, native prairie (never ploughed). 30 yrs. Evidence of spring near dugout",Livestock,Pasture-livestock,30,181.3309573,299.82,0.008554276,0,1280,160,3297.664,1.261566261,1441.6
66C,,,2-Aug-17,14:08,50.13321,-103.85594,20.8,60,4.9,"C, JW",0.82,2.6,2.5,103.1,0,0,20.6,101.2,8.56,584,0.28,8.68,16,1,0.09,719,0.35,6.75,302.90,713.5,,46,21.6,21.2,3,N,25.94867013,0.04,0.01,2.18,0.01,1140,114,114,40.324,3357.535387,16.296,1356.869276,279.083271,10.05362389,0.8912711,656.9471103,0.941048294,0.082701211,0.245443843,6.504361659,0.357770608,NA,-15.6597421,9.912857548,134.4828038,0.234790562,3.185286684,15.82758591,8.483692863,4.837131332,-27.63448849,12.76096418,92.79437205,0.255730745,1.859606654,-89.6,-8.15,0.417398668,restricted,rain,0.818321631,-24.4,-14.09916724,-109.2675545,835.2301,22 yrs,,Grassland,22,252.0942577,160.48,0.012116975,0,1910,192,3923.088,1.239309027,204.46
27A,,,4-Aug-17,12:04,49.0409,-103.5006,27.8,30,1.4,,0.33,1,1,88.3,0,0,18.7,20.0,1.6,246,0.13,6.95,17.2,0.5,0.05,247,0.14,6.76,125.75,707.3,,77,17.4,18.8,1,N,103.4000554,0.04,0.25,320.9,0.34,1560,6.24,4.588235294,29.94,2492.922565,15.384,1280.932556,8629.864173,326.125594,0.836669611,14335.95536,21.18031153,0.377182823,0.126382135,3.523643375,0.02772383,6.206254526,-27.2270337,15.97526538,139.273564,0.357788698,3.119228758,10.17108767,10.2809548,6.468466297,-27.87183544,15.94280816,140.4919629,0.381406894,3.361051744,-110.2,-11.32,0.301949336,open,intermediate,0.271703759,-19.64,-17.03828453,-132.0163223,382.0371064,Covered in duckwed. built 1962. manmade floating island for plants on dugout,,Domestic,55,10.14620852,109.74,0.003673615,0.001755229,1170,155,1138.5,1.27830308,1038.19
27B,,,4-Aug-17,12:30,49.0414,-103.50101,27.5,30,4.5,,0.43,3.2,3,88.5,0,0,23.4,178.1,13.73,220.4,0.11,9.52,13,0.6,0.05,442.7,0.28,6.43,112.47,707.2,,43,22.2,22.3,2,N,54.28575592,0.04,0.06,49.59,0.08,1070,17.83333333,13.375,20.491,1706.161532,12.515,1042.048293,111.7364801,3.687992686,0.683816096,1985.515518,2.673617292,0.054300191,0.0698485,1.690053303,NA,4.684143768,-25.81484985,36.01630614,295.8484645,0.708703387,5.821496743,9.583340961,9.867397872,4.212494137,-28.12558815,33.82491551,286.0833423,0.713605812,6.03551355,-95.3,-9.05,0.365892867,open,rain,0.917905826,-22.9,-14.92774012,-115.6807086,969.4408723,Built 1984,,Domestic,33,29.57684822,84.9,0.012854901,0.001720293,2450,237,6646.784,1.350704578,NV
27C,,,4-Aug-17,11:00,49.04037,-103.49865,26.1,30,2.2,"D, L",0.29,1.3,1.5,88.3,0,0,18.0,12.7,1.32,234.6,0.13,7.05,15.6,0.5,0.05,438.8,0.26,6.47,119.83,707.7,,52,17.5,19.3,1,N,125.8164556,0.06,0.13,16.32,0.16,1080,8.307692308,6.75,29.402,2448.126561,14.47,1204.829309,8224.058156,317.5715032,1.062514478,2658.626658,3.988282728,0.007019205,0.202049398,5.762209498,2.162310595,7.784757433,-26.35361917,24.71960715,190.3851087,0.535288158,4.122674507,8.985416266,9.563859421,6.47452981,-28.36974828,26.35096887,216.0145388,0.564260575,4.625578988,-112.3,-11.65,0.292308924,open,intermediate,0.323502622,-19.1,-17.30767627,-134.1014143,483.6122538,Dug in 1910. Covered in duckweed. minnows in lake. Water pumped for trees and garden,Pumped,Domestic,107,14.92663368,99.64,0.006643826,0.000355414,1530,174,1831.011,1.254869607,NV
45A,,,3-Aug-17,16:54,49.83189,-101.7569,22.1,30,3.1,"L, D",0.2,0.9,1,102.5,0,0,24.5,231.9,17.7,1555,0.78,9.48,16.9,127.4,11.32,1307,0.78,9.07,848.90,710.8,,43,24.7,17.7,3,N,176.09805,0.25,0.3,13.12,0.11,3240,10.8,29.45454545,30.593,2547.293922,38.024,3166.02831,119.967702,3.854575417,0.685722963,2872.966151,3.799560027,0.024898162,0.241845411,5.68345948,0.315336339,6.451960124,-21.8059997,19.49129281,228.7689533,0.419799544,4.927179696,13.69314569,10.90842491,6.772842053,-26.2984054,21.45216792,200.579454,0.409392518,3.827852175,-76.8,-6.5,0.478508424,restricted,rain,0.431375047,-24.8,-11.36831217,-88.13073622,411.1098806,Switch A and D,,Pasture-livestock,,65.13440152,148.62,0.027628605,0.004225679,930,140,774.522,1.295035368,925.73
45D,,,3-Aug-17,14:03,49.80242,-101.74679,23.4,15,1.4,"L, D",0.17,2.4,2.5,96.2,0,0,23.9,57.3,4,2127,1.11,8.1,14.6,0.2,0.02,1744,1.12,7.21,1174.85,711.7,,76,20.6,20.6,1,N,9.899336665,0.12,0.05,19.27,0.4,4100,82,10.25,59.187,4928.143214,45.428,3782.514571,1640.090026,53.48875,0.777776035,2617.393144,3.492701304,0.048003744,0.153777661,3.669299298,1.118139551,5.001960819,-18.6554662,15.47243834,243.5623452,0.275751886,4.34080102,18.3653063,12.75644148,4.779157122,-27.44126816,15.99647779,174.906971,0.277716628,3.036579358,-64.9,-5.55,0.361813046,open,rain,0.560621627,-20.5,-8.699061013,-67.47073224,140.5969438,Slough like. Switch site A and D on map,,Pasture-livestock,,22.66636967,264.94,0.021312388,0.002125985,420,84,602.112,1.156244577,1186.01
45B,,,3-Aug-17,15:47,49.79956,-101.76376,27,10,7.5,"L, D",0.1,2.9,3,114.8,0,0,24.5,222.8,17.28,324.9,0.16,9.58,12.2,0.5,0.05,395.3,0.26,6.48,166.87,711,,42,17.7,19.4,3,N,114.4191501,0.08,0.02,18.25,0.04,1560,78,39,33.04,2751.040799,19.384,1613.988343,138.147079,4.446648375,0.5381607,7047.419825,9.346489884,0.098909749,0.172606959,4.066999456,0.057806014,4.10142325,-19.6060544,17.51637876,200.8083079,0.352655099,4.042848961,13.37470275,10.04462193,4.076493573,-27.5139996,17.6829145,152.2441635,0.373845972,3.218692674,-79.2,-7.18,0.390187992,open,rain,0.60814128,-21.76,-11.5884367,-89.83450004,195.1726888,Fish in dugout. Caught in horizontal tow,,Pasture-livestock,,86.24277239,127.38,0.026892893,0.001390998,540,98,779.607,1.189663847,NV
45C,,,3-Aug-17,15:15,49.80365,-101.76676,26.6,5,3.1,"L, D",1.025,1.025,,102.5,0,0,29.5,135.6,9.58,176.7,0.81,9.24,#N/A,#N/A,#N/A,#N/A,#N/A,#N/A,89.88,711,,48,29.7,28.6,0,N,14.93744747,0.25,0.19,17.15,0.3,4750,25,15.83333333,34.272,2853.621982,53.838,4482.764363,89.23513536,2.512848482,0.201005598,1310.758867,1.589643912,0.042983968,0.225265206,4.613220171,0.040505953,1.380590422,-30.86262481,115.476229,1354.022022,2.276290736,26.6907554,13.67980555,13.20282657,1.174447097,-31.97615078,131.3235596,1486.150441,2.770539232,31.35338484,-87.2,-7.66,0.506493182,restricted,rain,0.476046828,-25.92,-13.76539142,-106.6841296,433.4647242,Almost dried up. Samples taken near shore,,Pasture-livestock,,35.01309135,179.28,NA,NA,800,111,785.4466094,1.107064828,898.62
15B,,,3-Aug-17,14:15,49.52981,-101.911,23,5,2.1,"J, C",0.45,3.5,3.5,77.6,0,0,22.8,126.1,10.7,1102,0.57,9.24,13.8,0.6,0.06,1000,0.64,7.21,591.48,714.7,33,29,21.6,23.8,3,Y,42.8440775,0.03,0.02,12.69,0.01,1260,63,126,31.964,2661.448793,16.928,1409.49209,88.30104312,2.9887864,0.383612994,283.1300743,0.388563917,0.000261737,0.232778013,5.77681279,0.133608145,4.885818574,-14.91976164,18.6491802,269.0893484,0.377972846,5.453776823,16.83385381,9.627710193,4.235820295,-26.87034482,20.39079011,168.2713867,0.466608469,3.850603814,-85.3,-8.88,0.223564871,open,rain,0.661245778,-14.26,-12.08258887,-93.65923789,465.678953,"Surrounded by grass. in pasture, but no livestock nearby. lots of macrophytes",Isolated,Grassland,,278.6304954,141.52,0.010878187,0.000461001,2190,208,1100.625,1.253823327,280.13
15A,,,3-Aug-17,11:41,49.57961,-101.89367,28.6,0,2.5,"J, C",0.99,5.1,5,97.2,0,0,21.9,88.0,7.85,1594,0.87,9.05,6.4,0,0.01,1590,1.27,7.2,871.09,714.4,20,39,22.9,23.5,3,Y,28.53091014,0.05,0.08,4.38,0.11,1700,21.25,15.45454545,52.556,4376.019983,22.037,1834.887594,179.2896484,6.214856839,0.063426694,569.8533977,0.794091751,0.030008656,0.286164738,7.276804118,1.516757605,4.075846766,-21.46667635,28.29902352,338.8657271,0.639959826,7.663177909,13.97021166,9.056122862,5.077607618,-30.58856219,42.34411486,328.6915771,0.871278083,6.763201175,-82.2,-8.03,0.295238604,open,rain,1.001229503,-17.96,-11.85734909,-91.91588192,419.6375797,"Right by house, sourrounded by cattails. macrophytes by shore, lots. little fish (mirrows?). two things floating in centre - for birds of something submerged? Salinity really jumps in YSI",Pump,Domestic,,34.17545759,253.96,0.011334914,0.000951715,1500,172,4820.163,1.252788867,486.22
67A,,,4-Aug-17,11:06,50.27662,-103.71397,23.4,100,2.2,"J, C",0.23,1.2,1,98.7,0,0,21.4,96.5,8.46,1680,0.91,8.17,18.7,0.7,0.06,1575,0.91,7.6,920.04,705.9,,78,19.7,20.5,2,N,152.5333878,3.6,5.4,169.44,6.48,9280,1.718518519,1.432098765,65.975,5493.338884,53.317,4439.383847,5174.578735,179.7670904,0.986154818,1097.722469,1.526112828,0.004669903,0.472858635,12.05681064,0.202078748,8.895211688,-25.72228995,35.04880216,355.9282944,0.664306334,6.746176921,11.84775659,10.82155347,8.182115399,-28.50381616,33.66812447,312.2926365,0.70141926,6.506096594,-90.9,-9.025,0.299279041,open,rain,0.299302147,-18.7,-13.5666287,-105.1457061,141.4594786,oily resin on top of dugout in some spots. very rocky. situated in canola field. cattle used in fall. >30 yrs old,Livestock,Crop,>30,3.166876099,251.98,0.008274593,0.001554802,460,94,472.704,1.236357324,269.5
67B,,,4-Aug-17,11:55,50.2821,-103.71067,21.8,100,2.6,"J, C",0.195,2.1,2,93.1,0,0,22.3,240.5,20.93,1110,0.59,9.01,15,1.6,0.18,1080,0.68,6.96,596.02,705.7,13,40,20.4,20.7,2,N,265.7081436,0.53,1.48,155.25,0.86,4120,2.783783784,4.790697674,55.516,4622.481266,35.02,2915.903414,725.300404,24.60843006,0.348923036,11570.47188,15.85081306,0.071325476,0.265334671,6.597349643,0.012298347,9.593353557,-12.19610777,10.84142796,165.8364812,0.240226633,3.674639513,17.84597891,10.18430227,8.620510281,-26.64339078,13.00385545,113.5158811,0.259557993,2.26578605,-89.5,-8.41,0.374404401,open,rain,0.571444721,-22.22,-13.76117267,-106.6514765,219.1311041,Bluestone and some sort of aquatic blue powder used to reduce algae. 5-6 yrs old. Pump in dugout - used for crops/equipment. cattle use dugout in fall. Dugout was green from the dye.,"Pump, Livestock",Crop,5 to 6,10.59392434,246.44,0.011739358,0.001188185,570,117,893.298,1.382431121,208.77
22B,,,8-Aug-17,12:28,51.14319,-105.65466,18.5,100,0,"J, C",0.49,1.5,1.5,89.5,0,0,18.8,54.5,4.41,1647,0.95,7.62,17.3,1,0.1,1593,0.96,7.41,901.26,709.7,,49,18.8,18.5,1,N,26.71656785,0.64,0.27,99.6,0.35,3020,11.18518519,8.628571429,63.169,5259.70025,27.279,2271.357202,4303.94699,162.1230773,2.786967508,1680.190385,2.473528218,0.058174864,0.63277712,17.56029203,12.63601096,5.990118225,-21.98025172,19.55166417,233.038145,0.392131251,4.673849679,13.90561097,10.04216627,6.427934317,-29.33471713,18.75111084,161.4015195,0.42616161,3.668216352,-81.8,-6.495,0.593064553,restricted,rain,0.702428983,-29.84,-13.28821391,-102.9907757,254.9955199,Low water levels. lots of duckweed on top. in a field (wheat growing). pump in dugout.,Pump,Crop,,19.08081851,269.48,0.003218446,0.003007636,430,88,509.25,1.197136059,823.61
68,,,8-Aug-17,9:30,50.63367,-104.68465,19.8,100,0,"J, C",0.15,0.8,1,121.4,0,0,19.2,42.9,3.58,230.2,0.12,9.1,19.2,40.5,3.5,230.4,0.12,9.09,117.55,709.8,11,35,19.8,20,1,N,384.0006133,0.02,0.1,536.54,#N/A,#N/A,#N/A,#N/A,30.99,2580.349709,29.272,2437.302248,106.1146708,3.967019312,0.594093363,12598.47411,18.5002604,0.218628563,0.323447926,8.910311867,4.348428312,1.214448068,-23.57577841,28.0510196,306.0804418,0.674303356,7.357702928,12.73015576,11.02322219,1.818397155,-29.42838723,36.49358036,344.8087242,0.738736445,6.979933688,-62.1,-1.85,1.578506766,closed,rain,1.200360968,-47.3,-10.99572295,-85.24689562,974.3206563,no direct livestock access. very low water levels. tree on one shore.,Isolated,Domestic,,NA,108.09,0.000974368,0.000974368,590,112,469.376,1.300729784,0
32A,,,9-Aug-17,11:00,50.43921,-103.67125,16.2,100,2.4,"J, C",0.43,2.4,2.5,89.9,0,0,19.1,45.7,4.2,2982,1.77,9.04,13.1,0.4,0.04,2861,1.96,7.3,1663.93,711.3,,25,18.1,17.7,3,N,106.270756,0.1,0.03,25.31,0.07,3030,101,43.28571429,57.708,4804.995837,35.032,2916.902581,204.5400774,7.57384298,0.772014234,1196.12075,1.729506187,0.074122814,0.234507865,6.430150989,0.732042952,6.1414242,-21.89208044,24.39487982,256.9194565,0.543557928,5.724586821,12.28697859,10.56330369,7.140651193,-26.84578615,24.32421317,220.2377578,0.549079304,4.971506947,-65.4,-4.615,0.566841259,restricted,rain,1.008147134,-28.48,-9.451943803,-73.29804504,291.6448119,Direct cattle access. in pasture. Some cattails,Livestock,Pasture-livestock,,95.72000012,292.81,0.013369213,0,510,97,915.072,1.211662632,1472.98
32B,,,9-Aug-17,11:51,50.44337,-103.65922,15.7,100,2.3,"J, C",1.21,2,2,98.2,0,0,19.8,17.6,1.61,2152,1.23,8.27,19.9,16.1,1.45,2161,1.23,8.27,1189.12,710.4,14,59,18.6,18.5,2,N,5.16767144,0.41,2.4,580.97,2.44,3980,1.658333333,1.631147541,99.102,8251.623647,33.854,2818.817652,2154.412445,78.64316849,0.040755957,4747.611025,6.828045639,0.04296208,0.905507385,24.34514863,1.392582777,7.35753951,-29.50611865,60.44982568,624.2619617,1.159152937,11.97050742,12.04810128,11.59259988,7.044674086,-30.98186986,73.44716917,729.8088378,1.295364536,12.87140807,-81,-6.72,0.518000044,restricted,rain,0.521947916,-27.24,-12.7175622,-98.57393143,595.3069936,Lots of grass surrounding dugout. easy access. cattails present. no direct livestock access. hose going into dugout. some macrophytes at ends. No longer used for livestock,Pump,Grassland,,3.607043234,423.09,0.000404405,0,1140,141,1158,1.17804466,977.73
32C,,,9-Aug-17,9:43,50.44165,-103.67529,14.7,100,3.4,"J, C",0.35,2,2,91.3,0,0,18.5,35.2,3.28,3460,2.10,9,17.4,0.6,0.06,3424,2.14,7.31,1938.33,711,35,53,17.7,17.1,3,N,96.57556422,0.11,0.1,19.36,0.15,3050,30.5,20.33333333,55.436,4615.82015,35.208,2931.557036,182.3096177,6.827955308,0.109102018,1373.155203,1.993239635,0.006075749,0.244323012,6.809577941,0.282597047,7.49770711,-18.76750411,19.31422142,213.7671665,0.375106262,4.151624907,12.91250743,9.101652614,6.564234475,-26.03374984,18.49162582,144.2608752,0.415542153,3.241817421,-62.9,-4.135,0.616043126,restricted,rain,1.714752389,-29.82,-8.96213594,-69.50693217,447.5091987,DIrect access (lots of tracks). Surround by pasture. No cattails. Minimal macrophytes.,Livestock,Pasture-livestock,,44.96418048,290.9,0.005916891,0,720,115,2022,1.209001,1049.03
8H,,,11-Aug-17,11:20,52.62542,-104.64627,25.3,3,3.1,"JW, J",0.07,0.18,0,90.4,0,0,20.9,163.9,14.49,838,0.46,8.64,#N/A,#N/A,#N/A,#N/A,#N/A,#N/A,441.76,718,,26,21,22.8,,N,223.7785253,0.04,0.05,265.04,0.18,3530,70.6,19.61111111,50.866,4235.303913,40.685,3387.593672,1955.322101,70.29230336,0.23654421,7676.607786,11.00472709,0.045179152,0.149151845,3.937322737,0.507045883,4.311587464,-22.70394699,13.91393859,184.9661918,0.265533179,3.529889157,15.50918807,13.29148094,3.932246701,-26.29219007,8.761430683,99.81633341,0.202810895,2.310563273,-80.2,-7.22,0.459244151,restricted,rain,0.08176136,-22.44,-11.57183608,-89.70601127,59.71875076,Basically a puddle... dried up alot/filled in due to cows. Pasture. Some cattails. Near larger pond. Shakey bottle taken at surface. Too shallow for zoop tow,Livestock,Pasture-livestock,,43.3670921,219.72,NA,NA,158,48,23.151096,1.077228319,NV
8G,,,11-Aug-17,10:11,52.62561,-104.65643,23,5,2.9,"J, JW",0.41,1.2,1,100.2,0,0,21.2,117.8,10.48,1092,0.59,8.91,18.9,2.2,0.24,1074,0.61,7.6,585.81,718.4,,134,20.1,22.1,3,N,72.3860428,0.03,0.02,63.74,0.05,2270,113.5,45.4,57.772,4810.324729,33.36,2777.685262,368.3511314,13.12713782,0.982360294,1554.2854,2.214341972,0.005177657,0.463253427,12.11634896,6.597982102,3.953319391,-28.2993053,24.31659126,239.0104313,0.404265856,3.973573255,11.46729409,11.21806751,4.24468049,-28.84898081,22.00668341,211.6049658,0.424839448,4.08503795,-83.6,-8.39,0.290765304,open,rain,0.33157732,-16.48,-11.76992458,-91.23921628,185.2109321,Terry says dug in 2008. in pasture. Cattle have direct access. no cattails,Livestock,Pasture-livestock,9,100.3954325,248.86,0.005782882,0.003992132,774,127,726.384,1.287740363,226.97
8D,,,11-Aug-17,8:27,52.62899,-104.70537,19.3,3,2.7,"J, JW",0.075,0.6,0,118.9,0,0,17.2,8.9,0.74,793,0.39,7.81,17.1,2.7,0.26,801,0.39,7.67,416.26,715.1,,35,17.8,20,3,N,1564.511823,5.93,0.12,1757.96,0.36,14280,119,39.66666667,80.34,6689.425479,46.165,3843.8801,3389.094031,135.4773043,1.670430396,13959.73502,21.52158322,0.287091339,0.360964867,10.65399827,0.411933446,1.668565754,-18.00562244,21.97882674,351.6043076,0.468332127,7.492101163,18.66364526,11.14951086,2.208499521,-29.0409803,27.77115192,265.4012229,0.610354987,5.832993909,-110.1,-11.61,0.304169323,open,intermediate,0.25200339,-17.22,-16.94280595,-131.277318,69.62620232,Attached to larger pond (have photos). Shallow - cows wading in. in pasture - low grass surounding dugout.,Livestock,Pasture-livestock,,87.71700781,290.9,0.000430547,0.000430547,278,71,189.648,1.201243412,NV
8C,,,10-Aug-17,15:34,52.61549,-104.81382,24.8,5,4.1,"J, JW",0.05,2.2,2,95.8,0,0,24.7,2.3,0.24,1033,0.50,7.68,17.4,0.7,0.07,880,0.51,7.45,552.33,717,,83,18.3,20.8,1,N,118.8410348,4.28,0.4,2637.6,0.63,10920,27.3,17.33333333,62.791,5228.226478,40.638,3383.680266,6606.36918,213.1893592,1.126268802,40881.92587,54.44844983,0.606399673,0.048252088,1.137766872,0.553533301,6.191172925,-21.45668707,26.46578245,294.2183987,0.566234113,6.294788163,12.96975818,10.76509272,5.378412376,-27.11107806,26.44800617,244.0416331,0.534303155,4.930134002,-77.55,-6.405,0.609316701,restricted,rain,1.520157441,-26.31,-11.31353533,-87.70676347,381.2789105,Dug in 2008. In pasture. Direct livestock access. Very dirty water.,Livestock,Pasture-livestock,9,38.33012106,239.62,0.027143422,0.000357595,758,116,1561.152,1.188552731,204.05
8A,,,10-Aug-17,12:07,52.5952,-104.80083,28.5,10,1.6,"J,JW",2,2,2,82.6,0,0,21.2,52.4,4.69,799,0.43,7.81,19.1,47.8,4.43,734,0.41,7.77,419.66,716.9,,35,20.8,21.8,1,Y,5.787639667,0.05,0.06,33.23,0.09,1560,26,17.33333333,46.996,3913.07244,24.11,2007.493755,3106.16692,110.5483028,0.249042969,1693.068953,2.409468855,0.046306533,0.285455933,7.457546196,3.367921752,3.308991336,-22.61342938,11.61137894,117.2220077,0.280739336,2.834187807,11.77801618,9.268612427,3.357072156,-29.24691698,13.77776826,109.4578235,0.271750853,2.15893143,-96.7,-10.34,0.235591685,open,rain,0.562241809,-13.98,-13.93358784,-107.9859699,104.2463113,Dug in late 1990s and re0dug in 2008. Cattle direct access. Pasture. Large rocks. Connected to stream on one end. Duckweed on top. oils on top of water,Livestock,Pasture-livestock,9??,38.33012106,185.12,0.003260296,0.001188185,535,100,1056,1.219602138,331.88
8B,,,10-Aug-17,14:05,52.60226,-104.8098,28,100,5.6,"J, JW",0.18,2.6,2.5,94.7,0,0,25.8,100.5,8.27,880,0.42,8.24,18.4,8.2,0.78,750,0.42,7.6,465.56,717,,34,22.4,24.1,2,N,73.68870652,0.1,0.01,347.72,0.02,2420,242,121,61.594,5128.559534,20.886,1739.050791,908.0819652,28.45822035,0.797149251,3224.254278,4.212577733,0.049772005,0.155523133,3.557173399,1.794745398,4.889242218,-20.00673658,19.40143116,290.0822086,0.415003875,6.204967028,17.44351953,11.75217706,5.02881338,-27.44834231,25.26602832,254.5121473,0.523106176,5.269402636,-93.6,-9.53,0.308977954,open,rain,0.649883925,-17.36,-13.7853621,-106.8387026,173.3920818,Dug in 2008. Direct livestock access. very dirty water. pasture. minimal cattails - no macrophytes,Livestock,Pasture-livestock,9,267.5737297,245.54,0.026896558,0.000747607,679,105,1180.348,1.136709475,NV
69B,,,15-Aug-17,9:45,49.33156,-109.10526,16.1,0,8,"L, C",1.01,2.5,2.5,91,0,0,18.3,74.9,7.04,613,0.34,8.63,18.2,71.9,6.77,0,0.34,8.6,318.12,676.4,,27,17.7,17.5,2,N,6.30642525,0.02,0.02,84.18,0.07,1540,77,22,36.974,3078.601166,13.813,1150.124896,373.4061494,13.6582846,0.641870154,932.8494149,1.329194815,0.000684798,0.264381511,7.12933844,1.470141218,5.307939161,-13.75335553,14.57477117,341.4170747,0.294677945,6.902892735,27.32941161,10.68087896,5.858926829,-27.45536827,23.14615045,211.9039125,0.47625824,4.360162808,-98.6,-8.93,0.408376424,restricted,intermediate,0.754636386,-27.16,-16.10683678,-124.8069167,532.0468514,Easily accesscible,,Pasture-livestock,,48.64976904,136.36,0.000368428,0,1130,173,2407.5,1.451783811,668.47
69A,,,15-Aug-17,10:33,49.32986,-109.04867,17.5,0,5.8,"L, C",0.51,2.1,2,91,0,0,17.5,87.4,8.34,510,0.29,8.71,17.4,72.2,6.9,507,0.29,8.64,264.02,674.7,,35,17.1,17,1,N,96.841724,0.17,0.04,43.79,0.2,3240,81,16.2,44.868,3735.886761,19.268,1604.329725,399.7271164,14.94366319,0.551835054,4132.211445,5.974703613,0.006370014,0.248973723,6.871255603,0.683428938,5.967384583,-25.34625772,14.59927889,181.4672116,0.283206186,3.520217489,14.50152082,11.18807581,4.613973605,-27.42047349,7.91696967,75.9219916,0.153727566,1.474213429,-103.8,-9.58,0.408051644,restricted,intermediate,0.577795472,-27.16,-17.00879071,-131.7880401,335.2203011,,,Pasture-livestock,,35.82392084,164.93,0.000351038,0,710,124,1163.253,1.312766782,NV
69C,,,15-Aug-17,8:52,49.29757,-109.10841,14.1,0,8.5,"L, C",0.56,2,2,85.5,0,0,17.5,79.1,7.06,382.5,0.22,9.19,17.3,28.2,2.71,389.8,0.21,8.94,197.04,677.5,,44,16.6,16,1,N,38.82010427,0.11,0.4,17.8,0.02,1010,2.525,50.5,29.172,2428.975853,21.217,1766.611157,143.0828947,5.372215435,2.027916762,2822.970623,4.099561082,0.003537101,0.21369961,5.92473175,0.017751853,5.828452905,-24.35494946,11.17479361,86.54527948,0.224890191,1.741704155,9.035468235,9.064418446,6.347601217,-26.64577706,8.357671178,64.93493897,0.189516353,1.472447596,-110.5,-10.52,0.390922157,open,intermediate,0.664137235,-26.34,-18.01433619,-139.5709621,572.9570798,,,Pasture-livestock,,111.6733335,158.57,0.000699887,0,1270,158,2490,1.250691777,0
26C,,,14-Aug-17,14:37,49.25726,-108.40901,23,100,0,"L, C",0.29,1.4,1.5,92.9,0,0,20.5,116.8,10.45,576,0.30,8.71,14.7,1.3,0.13,664,0.41,6.8,298.70,673.9,,30,18.4,,2,N,140.4786237,0.07,1.44,154.71,1.6,2820,1.958333333,1.7625,35.708,2973.189009,30.104,2506.577852,1369.935072,46.78783087,0.697472866,1505.016004,2.042703666,0.044297606,0.413322015,10.37554472,0.068152631,7.724048381,-22.14852392,15.83283431,146.793733,0.356194248,3.302446187,10.81672124,9.348548966,7.891262814,-27.54659734,18.84448874,151.0016792,0.358942643,2.876222461,-106,-9.45,0.473125988,restricted,intermediate,0.49445855,-30.4,-17.97539452,-139.2695536,443.3299303,Smokey. Easily accessible. Dug late 50s,,Domestic,60+,3.897509906,146.98,0.015563666,0.005230465,790,126,979.272,1.264596768,NV
26B,,,14-Aug-17,13:24,49.26081,-108.40865,20.8,60,7.2,"L, C",1.07,1.8,2,86.9,0,0,19.9,72.4,6.6,713,0.39,8.77,18.8,57.3,5.33,699,0.39,8.63,370.41,674.2,,26,20,19.9,1,N,35.09807233,0.26,0.67,43.76,0.85,3000,4.47761194,3.529411765,46.632,3882.764363,35.305,2939.633639,276.1261728,9.598642728,0.927125228,2619.483445,3.598702884,0.022239237,0.379876984,9.711602088,3.474651749,NA,-22.18925025,9.305026099,118.74698,0.198697974,2.535703182,14.88852818,10.96832766,6.168371572,-27.09029238,6.771826657,63.66481171,0.168453399,1.583701784,-93.5,-7.87,0.479328165,restricted,intermediate,0.567106438,-30.54,-15.74587359,-122.0130616,1222.157305,Dug late 70s,,Pasture-livestock,40,7.804775782,194.88,0.00272833,0.000381274,2150,196,3016.656,1.192427297,0
26A,,,14-Aug-17,12:48,49.26151,-108.409,19.9,50,6.3,"L, C",0.29,2.3,2.5,86.9,0,0,19.1,119.1,10.98,747,0.41,9.72,17,6,0.56,733,0.43,8.9,390.20,674.2,9,11,19.1,19.5,1,N,166.1085818,0.29,0.54,60.63,0.74,3590,6.648148148,4.851351351,42.12,3507.077435,41.81,3481.265612,58.86280425,2.094871705,0.042449372,3656.002092,5.104977777,0.019910458,1.049199311,27.49132497,17.1323645,5.280920269,-26.41791554,22.65006606,213.2304396,0.391328025,3.684008977,10.98313999,11.03537319,5.699372185,-27.97229147,20.38175415,192.7887972,0.40682144,3.848079784,-86.4,-6.51,0.566928821,restricted,rain,0.997320244,-34.32,-15.05110851,-116.6355799,1149.655368,Easy access. Dug 2015,,Pasture-livestock,2,10.72805104,222.27,0.004251942,0.000385519,1710,179,3567.346,1.221096661,0
24A,,,14-Aug-17,14:15,49.9192,-109.84868,21.9,95,7.8,"J, JW",0.2,1.74,2,94.2,0,0,19.5,120.0,9.93,872,0.43,9.8,18.4,61,5.32,874,0.43,9.61,461.03,684.2,,45,19.9,20.6,1,N,52.93139534,0.11,0.31,20.24,0.44,1920,6.193548387,4.363636364,32.487,2704.995837,22.535,1876.353039,57.70283863,2.059370462,0.944998598,1710.144272,2.403268047,0.01771542,0.298560386,7.840141953,0.691250193,10.18950417,-23.77400426,18.98003447,150.270845,0.335040326,2.652618623,9.236863407,9.7637891,9.110571748,-24.2780686,14.64202703,122.5385691,0.295798526,2.475526648,-91.9,-7.66,0.492767161,restricted,intermediate,0.677004813,-30.62,-15.4990972,-120.1030123,446.9748478,Lots of macrophytes. Smoke. Nice farmer letting gates open,Livestock,Pasture-livestock,,9.649540966,174.5,0.0018851,0.001156576,840,133,1246.210272,1.294514937,209.27
24B,,,14-Aug-17,13:00,49.91797,-109.85177,22.1,106.9,3.4,"J, JW",0.18,2.3,2.5,106.9,0,0,18.8,49.7,4.19,217.1,0.12,8.91,17,0.4,0.04,246.4,0.13,6.88,110.76,684.2,,30,19.5,19.8,2,N,98.89724908,#N/A,#N/A,#N/A,NA,NA,#VALUE!,#VALUE!,#N/A,#N/A,#N/A,#N/A,240.8111682,8.78167006,3.813511274,16100.33556,22.97913993,0.19918236,0.470216819,12.64300335,7.637903665,4.150795627,-26.23362435,17.98066397,135.7195925,0.347855755,2.625645047,8.806099978,9.164984705,4.932849484,-26.69407365,17.49789264,137.4582158,0.332028323,2.60831529,-99.2,-9.24,0.381990733,open,intermediate,0.643844401,-25.28,-15.9505553,-123.597298,511.4164527,Direct cattle access. Pasture. no cattails,Livestock,Pasture-livestock,,NA,#N/A,0.004304295,0,1240,151,2256.576,1.209654019,#N/A
70A,,,15-Aug-17,12:11,50.35456,-108.87658,19.6,5,5,"J, JW",1.43,3.2,3,103.7,0,0,18.9,77.9,6.5,4386,2.68,8.57,11.7,0.3,0.05,5736,4.27,6.99,2471.87,692.8,,24,19.6,20,1,N,13.72294267,0.14,0.01,13.29,0.51,1730,173,3.392156863,41.322,3440.632806,43.581,3628.726062,391.2713673,13.92762421,1.006472537,354.0199365,0.488013597,6.59543E-05,0.422082662,11.28105592,4.830605968,5.526093739,-18.16715689,35.56019017,457.4934875,0.591290159,7.607141461,15.00954858,9.505086477,4.868317541,-26.34458262,43.48809499,354.3069459,0.729666023,5.944747415,-97.7,-8.63,0.47502949,restricted,intermediate,1.063750145,-28.66,-16.31718843,-126.4350385,529.0141776,"Lower water level. Pasture. lots of smelly, sludgy mosslike weeds at edge",,Pasture-livestock,,7.501256723,210.32,0.013610067,0,1010,133,2493.824,1.180554449,3607.68
70C,,,15-Aug-17,10:45,50.39632,-109.11725,17.6,0,4.8,"J, JW",2.42,3.5,3.5,96.9,0,0,15.7,85,7.68,647,0.32,8.06,15.3,74.3,6.81,648,0.32,8,335.94,693.9,,13,16.1,17.5,2,N,6.121801975,0.04,0.02,44.87,0.00866,417.54,20.877,48.2147806,65.716,5471.773522,4.59,382.1815154,2182.150966,88.68499476,1.755000456,357.2964354,0.552524646,0.00185524,0.212698564,6.398707014,0.427059268,NA,-14.04713372,8.066287137,153.589285,0.172984927,3.29378694,22.21437151,9.030018852,3.65802352,-30.51417951,9.746715779,75.43973763,0.217076075,1.68017233,-147.6,-18.46,0.044536215,open,snow,0.106260357,0.08,-19.69219841,-152.5576157,52.85327625,Too deep to do sediment depth right in middle. Lake water pumped into dugout. Lots of pipes. Unique pine-like veg growing up from water edge. Very clear,Pump,Grassland,,106.6199064,302.53,0.000614659,0,1090,143,2831.5,1.221849897,NV
70B,,,15-Aug-17,9:08,50.39857,-109.08987,14.7,0,6.8,"J, JW",0.78,2.5,2.5,92.3,0,0,18.3,59.6,5.12,1258,0.73,8.83,14.3,0,0,1675,1.08,7.21,680.06,694.8,,40,18.6,18.4,2,Y,2.47972066,0.1,0.01,170.8,0.02,2090,209,104.5,106.363,8856.203164,24.442,2035.137386,564.0710574,21.15187818,0.146890001,1546.220547,2.257138936,0.007935766,0.348323652,9.625828959,0.398671658,4.96053477,-10.76368545,24.09806405,634.8695943,0.478991534,12.61915314,30.7361285,10.04543885,4.520302513,-27.58174347,76.28853705,656.8730006,1.706678681,14.69514543,-91.7,-8.36,0.3923065,open,rain,0.728987466,-24.82,-14.58642889,-113.0389596,431.7419603,Inlet on end of dugout has cattails. Outlet on other end. No cattails in dugout. sandy soil around dugout. pasture,Livestock,Grassland,,231.0864029,491.44,0.016284467,0,1010,138,2045,1.224936195,356.93
65,,,11-Aug-17,11:50,52.55179,-103.89583,26.7,0,2.3,"R, C",2.02,4.3,4.5,99.8,0,0,21.8,109,9.01,242.8,0.12,8.22,12.1,0.5,0.05,364.1,0.23,6.75,124.09,714.8,,,22.4,22.5,5,N,8.3617439,0.01,0.03,336.84,0.02,1280,42.66666667,64,31.612,2632.139883,13.981,1164.113239,707.7662872,24.70791681,1.659692661,239.7836659,0.336639434,0.002351264,1.659257513,42.53001111,9.916179556,2.098909436,-21.677093,14.70275595,179.8344336,0.319416814,3.906896232,14.26989878,9.773761008,2.235869237,-30.63638151,15.60832858,130.7589199,0.360469482,3.019836488,-100.2,-10.94,0.212622421,open,rain,0.676773797,-12.68,-14.38683856,-111.4941305,204.2325007,Built 1968.,,Pasture-livestock,49,141.5266008,103,0.00756269,0.001238081,1170,161,3057.386,1.32778578,588.64
8E,,,11-Aug-17,9:52,52.6333,-104.6604,24.5,0,1.1,"R, C",1.12,1.3,1.5,96.7,0,0,19.3,98.7,8.55,3244,0.25,8.39,17.8,2.5,0.21,628,0.36,7.14,1814.24,715.4,16,11,19.9,20.5,3,N,8.9610816,0.28,0.08,748.68,0.28,5240,65.5,18.71428571,#N/A,#N/A,#N/A,#N/A,537.8895944,20.20277344,1.043972545,1650.733333,2.437392924,0.006246873,0.217318024,6.010502835,0.049611448,2.848399975,-14.57867024,12.35587901,229.5789041,0.245594892,4.56328571,21.67729666,10.6038551,2.342554607,-27.60896898,14.28509261,129.8374732,0.259257579,2.356396973,-85.7,-9.45,0.164927822,open,rain,0.232812834,-10.1,-11.68646753,-90.59325867,27.13028565,,,Pasture-livestock,,41.38389444,#N/A,0.002938893,0.001162925,200,55,232.206,1.097091271,#N/A
8F,,,11-Aug-17,8:24,52.627937,-104.715069,19.7,0,3,"R,C",,0.5,0.5,91.4,0,0,18.4,40.3,3.77,792,0.45,8.73,18.5,40.8,3.81,786,0.44,8.74,415.69,717.6,25,15,17.8,18.3,3,N,2483.611981,0.03,0.02,89.22,0.04,1890,94.5,47.25,50.09,4170.691091,45.621,3798.584513,311.9533639,12.06426799,0.2003582,3519.535092,5.306297156,0.013137825,0.274434107,7.821311139,6.375773925,NA,-16.20656569,9.808018953,173.4877549,0.192201038,3.399720849,20.63641819,12.27021087,4.110553999,-25.64572557,7.335728753,77.15223317,0.153467129,1.614063455,-84.2,-7.73,0.453722781,restricted,rain,NA,-22.36,-12.46128684,-96.59036013,NA,Water very silty with high turbidity,,Pasture-livestock,,104.4864358,208.89,0.00037,NA,,,NA,,NV
36,,,10-Aug-17,15:05,52.5244,-105.21877,27.1,10,1.2,"R, C",0.13,1.4,1.5,86.99,0,0,24.4,344,28.39,2056,1.06,9.21,14.4,0,0,2311,1.53,6.84,1134.33,715,15,102,17.7,19.1,3,N,150.7441308,0.16,0.03,83.7,0.1,3720,124,37.2,59.455,4950.457952,50.687,4220.399667,799.4639812,25.83654012,0.355590464,4819.259405,6.40134046,0.018968386,0.080164372,1.894932088,0.055170855,NA,-17.38971108,5.84541008,106.1369619,0.122212212,2.219045828,21.18353613,11.68832672,5.256030505,-27.6189387,8.780276094,87.96577344,0.150605079,1.508846886,-90.3,-9.78,0.197652657,open,rain,0.304187647,-12.06,-12.62536511,-97.86032597,133.9480483,"Easy access. Stinky water, very brown. It was probably dug in 1950 to 1960. I did clean & enlarge part of it about 30 years ago",,Grassland,30,82.26233674,253.96,0.026767256,0.005265553,810,127,1042.972,1.258798682,1526.35
63B,,,10-Aug-17,13:02,52.6918,-106.02972,27,5,2.3,"R, C",0.43,1.6,1.5,103.64,0,0,22.9,118.6,9.65,521,0.26,9.51,19.9,35.2,3.04,440.8,0.26,9.36,269.80,719.7,,30,20.9,21.4,3,N,181.5894093,0.19,0.05,375.36,0.11,3520,70.4,32,60.98,5077.43547,34.355,2860.532889,94.47833549,3.218597413,0.10815522,833.5660367,1.153364086,0.002581174,0.17767903,4.435372142,0.043184945,3.571334786,-22.62644436,29.37675539,361.1677216,0.638347575,7.84806001,14.34339281,10.54511123,3.690970415,-27.36559502,34.12752485,308.4673247,0.690840584,6.244277828,-76.6,-5.97,0.709884009,restricted,rain,1.166384616,-28.84,-11.42101085,-88.538624,754.6548016,"Dugout connected to small pond. Steep banks, padlocked gate",,Pasture-livestock,,70.76330042,275.91,0.006718405,0.006302313,1270,160,1746.688,1.266523318,NV
63A,,,10-Aug-17,11:43,51.14324,-105.65466,23.7,0,3.8,"R, C",1.1,1,1,112.4,0,0,21.0,36.4,2.51,1756,0.96,8.03,19.3,16.6,1.44,1666,0.95,8,963.32,719.5,,,19.7,20.8,2,N,11.11487962,0.26,0.69,524.57,0.93,4210,6.101449275,4.52688172,100.848,8397.002498,55.898,4654.288093,3756.490658,134.4934837,2.523757924,1624.252805,2.318423852,0.031532583,1.232179252,32.4006912,0.019806113,2.810873281,-24.55218228,31.15492688,335.5667389,0.660481808,7.113986408,12.56605513,10.73351027,2.681840855,-28.73253804,24.50493238,225.4490942,0.579312822,5.329765821,-89.4,-7.735,0.514984655,restricted,rain,0.478395441,-27.52,-14.55031852,-112.7594653,365.6085509,Surrounded by dead trees. Hard access.,,Pasture-livestock,,10.0105341,468.93,0.004964875,0.001980335,710,120,659.5,1.270419466,681.38
64A,,,17-Aug-17,11:14,50.77282,-107.94051,24.5,8,3.7,"J, C",0.29,2.5,2.5,80.7,0,0,17.8,129,12.34,464.1,0.26,9.45,16.7,0.8,0.08,469.8,0.27,8.6,239.89,704.2,,42,17.5,18.3,1,N,87.96870488,0.09,0.05,3.9,0.09,2100,42,23.33333333,31.723,2641.382182,26.773,2229.225645,134.4286849,5.198154562,1.527776851,174.5615425,0.261780055,0.016462403,0.246786258,7.042319218,0.210781399,7.609377401,-21.68780349,14.34603242,131.7651235,0.255904966,2.350430315,10.71557438,9.508573708,6.402605132,-25.5269216,10.35542108,84.39881543,0.212636983,1.733035224,-96.4,-8.11,0.58447855,restricted,intermediate,1.076740681,-31.52,-16.73626858,-129.6787188,702.9465275,Direct livestock access. some weeds near shore. lower water level. Dugout is situated in dry streambed  (could have once been inlet and outlet),Livestock,Pasture-livestock,,51.59823989,120.95,0.001066257,0,1110,153,2215.625,1.295462988,NV
64C,,,17-Aug-17,13:10,50.79424,-107.93136,24.1,100,3.4,"J, C",0.2,3.3,3.5,80.7,0,0,18.9,94.8,8.75,722,0.40,8.86,17.1,24.5,2.36,695,0.4,8.63,376.04,702.7,,44,18.4,19,2,N,32.72007003,0.04,0.29,45.02,0.39,2310,7.965517241,5.923076923,53.982,4494.754371,33.117,2757.452123,353.1021047,13.17638584,0.213991275,355.9290367,0.520175178,0.001835019,0.240464532,6.60850681,0.089460457,7.02427551,-20.06358064,12.18662967,139.8639194,0.268842481,3.085460388,13.38963906,9.282321088,6.434302925,-27.70502334,13.57317062,107.991881,0.262537149,2.088817815,-99.8,-8.85,0.513595583,restricted,intermediate,1.095237028,-29,-16.90424006,-130.9788181,683.2110666,In pasture with direct cattle access. no cattails. looks relatively new (minimal veg grown in dirt mounds,Livestock,Pasture-livestock,,13.09801474,245.84,0.003652015,0,1230,160,2836.746,1.286952432,2292.13
64B,,,17-Aug-17,12:26,50.79427,-107.9444,24.7,95,2.6,"J, C",0.95,2.9,3,133.1,0,0,19.3,82.4,7.6,365.7,0.20,9.37,13,0.5,0.05,459.9,0.29,6.93,188.23,703.2,,24,18.3,18.6,2,N,24.96877439,0.16,0.02,50.17,0.04,1970,98.5,49.25,21.327,1775.770192,21.383,1780.432973,67.85593545,2.50542499,0.101990926,1944.32449,2.822336069,0.027209922,0.210904506,5.735361165,0.016547185,5.11937387,-23.8210623,12.88782287,119.5111516,0.23339049,2.164272938,10.81871456,9.252297703,5.497964374,-27.93694718,12.04920853,95.55674092,0.248437289,1.970242081,-101.3,-9.54,0.414639601,restricted,intermediate,0.804694734,-24.98,-16.41346562,-127.1802239,443.8969461,in pasture. Direct cattle access. Forgot pic. Looked like other 64s,Livestock,Pasture-livestock,53,108.9091421,79.59,0.005903765,0.000739015,990,136,2077.647,1.219316299,0
31A,,,17-Aug-17,15:17,51.14608,-107.5329,26.1,0,2.6,"J, C",0.09,1.9,2,105.3,0,0,20.7,174,14.74,13489,8.57,8.41,16.6,19,1.79,12292,8.54,8.31,7849.01,702.1,,81,17,17.9,2,N,115.2106036,0.14,0.06,<LOD,0.2,7120,118.6666667,35.6,136.342,11352.37302,89.99,7492.922565,2054.468619,51.73984629,0.475267998,1406.167023,1.253710765,0.003306849,0.189146333,4.681234771,0.055401706,6.200638647,-20.49064989,17.12616523,226.2782581,0.369177953,4.877737835,15.41450159,10.43176741,5.283124545,-28.91748691,22.97366354,205.4193553,0.522128717,4.668621711,-74.3,-4.525,0.918549473,restricted,rain,1.440557988,-38.1,-12.92981207,-100.2167454,2169.212945,Dug 1991. Overflows into marsh on wet years. Direct cattle access. Salinity,Livestock,Pasture-livestock,26,78.72417172,611.85,0.01236817,0.000555564,2280,197,3703.632,1.163841585,9489.78
31B,,,17-Aug-17,15:54,51.1386,-107.53661,25,5,3,"J, C",0.19,2,2,84.8,0,0,20.1,30,2.69,3809,2.24,8.07,17.1,0.5,0.04,3520,2.22,7.8,2139.11,700.5,,99,19.6,20.1,1,N,8.82578111,1.63,0.13,1160,0.29,7480,57.53846154,25.79310345,101.045,8413.405495,50.825,4231.890092,5429.751315,190.5996367,1.783075047,3771.862515,5.201538831,0.024219145,0.25466176,6.649383405,0.013515574,6.410930251,-14.32712729,17.34195896,336.0801149,0.321683527,6.234095991,22.60952574,10.63798587,6.93597156,-26.2913029,20.93781325,190.9167098,0.463225957,4.223821014,-81.4,-6.375,0.592875864,restricted,rain,0.869374752,-30.4,-13.32802127,-103.2988846,762.5392565,Very low levels. Normally flows into slough/pond in wetter years. Cattle access. Dug in 1989. Sediment depth - obvious bottom.,Livestock,Pasture-livestock,28,57.03766025,484.7,0.005878016,0,1240,152,1886,1.217664973,1705.64
7B,,,18-Aug-17,9:03,51.42597,-107.0004,20.2,0,2.1,"J, C",0.78,2.7,3,94.8,0,0,19,79.2,7.33,820,0.46,8.43,17.7,0.6,0.06,987,0.57,7.02,431.56,713.2,,57,18.1,18.5,1,N,30.92911857,0.08,0.02,27.9,0.03,681.42,34.071,22.714,34.641,2884.346378,8.09,673.6053289,696.9666595,26.31190073,0.059049521,368.6086972,0.54544792,0.000383059,0.236041297,6.561009994,0.019336827,NA,-12.72058625,7.586465792,108.9152878,0.154416157,2.216879458,16.74927947,9.196351188,2.584145266,-24.82692125,8.396353273,66.18498291,0.159930539,1.260666341,-124,-14.69,0.112481457,open,intermediate,0.258567291,-6.48,-17.30122492,-134.0514808,70.15569364,Very hard bottom near shore. lots of vegetation around dugout. Solar panel by dugout with hose going into water,Pump,Pasture-livestock,,50.22867518,128.58,0.002921614,0,630,106,1433.754,1.191326105,240.83
7A,,,18-Aug-17,9:50,51.41351,-107.00191,21.9,0,1.5,"J, C",0.5,4.5,4.5,91.4,0,0,19.7,98.5,9,1004,0.56,9.28,13.3,0.4,0.05,990,0.64,7.29,535.88,713.7,,24,18.7,19.8,1,N,182.54459,0.09,0.02,9.67,0.04,1500,75,37.5,41.399,3447.04413,17.7,1473.771857,120.2180718,4.446528088,0.125936356,1499.625745,2.18757739,0.018271052,0.223475287,6.079052256,0.060783881,4.097062175,-23.40486684,44.46466304,406.6197049,0.836430832,7.648978647,10.66891377,8.542885847,3.161629022,-28.79492392,48.37911549,354.2547952,0.981320801,7.185695642,-95.5,-9.35,0.343782841,open,rain,0.690665047,-20.7,-14.66464861,-113.6443803,102.2228439,Seems more like a dammed off pond. Lots of macrophytes and frogs near shore. Hard access. have barrels floating in dugout. No cattle access,Pump,Grassland,,82.92574268,194.84,0.006004767,0.000381274,300,71,597.375,1.156359278,238.11
7I,,,18-Aug-17,10:59,51.50316,-106.83583,26.1,0,1.4,"J, C",1.04,2.3,2.5,80.9,0,0,20.4,48,4.35,1157,0.64,9.37,18.5,0.9,0.08,1112,0.64,9.23,622.70,712,,44,19.4,20,1,N,40.13844858,0.32,0.45,272.38,0.58,3640,8.088888889,6.275862069,71.71,5970.857619,34.09,2838.467943,168.7095334,6.096413943,0.077718063,8315.445914,11.92439125,0.213371876,0.241133712,6.401898522,0.009414786,5.551131858,-25.89976296,26.16624361,276.1005298,0.60527975,6.386780702,12.31041374,10.60377455,5.231217994,-28.77742942,32.61021428,296.3925944,0.634439967,5.766392887,-71.9,-6.5,0.332248243,open,rain,0.730864945,-19.9,-10.19642024,-79.06029268,1086.083983,Dugout in field. No direct livestock access. Trees on one end.,Isolated,Crop,,13.87814728,384.38,0.003126534,0,3340,231,7190.766,1.127544821,#N/A
30A,,,17-Aug-17,12:05,51.34198,-108.04363,20.8,100,3.3,"L, R",1.12,2.4,2.5,93.4,0,0,18.8,60,5.19,623,0.35,7.86,18,1.3,0.11,626,0.35,7.44,323.36,706.2,31,95,18.5,19.2,3,Y,24.2805772,0.03,0.04,3.44,0.13,2280,57,17.53846154,54.099,4504.496253,47.398,3946.544546,2595.056549,97.62726505,0.76747211,954.3623373,1.404949547,0.004196206,0.192429428,5.332966794,0.045782152,7.952886659,-24.4102659,11.50187613,64.09854895,0.211977076,1.181322318,6.501690648,9.588669558,8.289652664,-22.99750466,8.365817058,68.75747602,0.142518178,1.1713369,-94.9,-10.43,0.175138813,open,rain,0.304347865,-11.46,-13.43163216,-104.1008329,208.9097204,"Gross clumpy weeds, clay bottom. Dug in 1981",,Crop,36,38.78373196,242.1,0.001469429,0,1180,147,2072.832,1.207178242,NV
30B,,,17-Aug-17,14:17,51.34313,-108.06308,25.8,20,5.2,"L, R",0.51,3.1,3,97,0,0,20.4,277.9,23.47,634,0.34,9.61,16.4,0.6,0.05,662,0.39,7.1,329.13,705.4,,25,20,21.4,2,Y,73.77333849,0.19,0.35,129.92,0.47,2070,5.914285714,4.404255319,38.155,3176.935887,22.546,1877.268943,89.14172241,3.195687538,0.909763373,4134.784736,5.885133824,0.028615454,0.197622405,5.207357003,0.03335345,6.776734368,-29.16095026,18.49328385,130.5690187,0.345475133,2.439174643,8.237072605,9.049153636,5.937244744,-27.3125254,11.11950503,86.24752233,0.259195921,2.010431756,-118.8,-12.51,0.299126257,open,snow,0.739010643,-18.72,-18.52558434,-143.5280228,486.5779172,Used to have rainbow trout. 51 years old? Dug in 1977,,Crop,40,9.739363821,174.5,0.004815617,0.000717372,1610,188,4018.778,1.321721575,581.12
60A,,,18-Aug-17,10:08,51.67165,-107.29446,22.3,0,4.5,"L, C",0.31,0.9,1,104.9,0,0,18.3,90.2,7.93,339.7,0.19,8.29,17.5,80.2,7.15,333,0.19,8.13,174.61,710,,57,17.5,19,2,N,6.55063606,1.31,0.02,211.79,0.07,4250,212.5,60.71428571,35.831,2983.430475,28.407,2365.278934,903.0363132,34.68468,NA,2476.091931,3.705245776,NA,0.310340639,8.792321211,NA,6.761504422,-18.22501446,12.61939634,146.9021542,0.231718625,2.697432138,13.58114461,8.909063589,7.12035643,-26.36710648,11.36707434,86.80284694,0.247110312,1.887018412,-84.4,-6.72,0.649818168,restricted,rain,0.547093627,-30.64,-13.98437354,-108.3790512,620.9316158,Water level dropped 2.5-3 m,,Pasture-livestock,,134.2607262,126.49,0.001820588,0.001332821,990,144,804.492,1.291040787,NV
60B,,,18-Aug-17,10:48,51.67624,-107.29423,23.9,0,4.8,"L, R",1.8,2.2,2,104.9,0,0,19,103.9,9,189.8,0.10,9.79,18.2,78.2,6.9,185.5,0.1,9.68,96.64,710,,20,18.9,19.8,4,N,2.9055933,0.07,0.04,39.45,0.05,1200,30,24,17.866,1487.593672,13.503,1124.313072,62.42588812,2.348351875,0.156777096,846.7038305,1.24887127,0.00081895,0.244105302,6.769303465,0.079647259,4.007876818,-24.48220709,12.9693695,115.4214131,0.299454387,2.665006075,10.38279581,8.997886487,5.055354386,-27.72419527,15.95307225,123.0376571,0.292716922,2.257571689,-82.7,-6.29,0.723303587,restricted,rain,1.570108723,-32.38,-13.89986971,-107.7249915,802.3389826,,,Pasture-livestock,,53.07247532,72.34,0.001895772,0,1150,152,2407.944,1.264415281,NV
60C,,,18-Aug-17,11:43,51.68453,-107.2179,24.8,0,2.4,"L, R",0.05,2.5,2.5,104.9,0,0,20.3,278.3,23.78,980,0.54,9.36,13.5,0.6,0.05,1222,0.79,6.88,522.26,708.7,,41,17.1,18.6,4,N,164.1134025,0.32,0.03,146.41,0.22,5210,173.6666667,23.68181818,121.595,10124.4796,49.586,4128.726062,260.5438418,9.403720926,0.329375473,724.030194,1.036287074,0.005488043,0.172880981,4.585247157,0.039574285,4.048564945,-20.92367715,40.88040848,416.1668454,0.941294232,9.58247399,11.87678901,9.816304996,4.18752345,-24.79713887,60.24007046,506.8584897,1.169710106,9.841912421,-79.3,-5.68,0.796746746,restricted,rain,1.401908317,-33.86,-13.31383986,-103.1891205,798.0867675,,,Pasture-livestock,,52.36886295,618.13,0.011404392,0.001711174,1040,164,1762.5,1.434571658,NV
57D,,,22-Aug-17,11:01,52.40304,-107.92971,18.7,100,6.9,"L, C",0.71,3.1,3,105.6,0,0,16,42.7,4.21,467,0.27,9.29,14.4,2.1,0.21,478.7,0.29,8.61,241.41,700.8,,28,16.4,16.7,2,N,2.2252626,0.09,0.11,57.96,0.17,2240,20.36363636,13.17647059,38.016,3165.362198,26.291,2189.092423,130.6275578,5.312407967,0.109960227,1107.683472,1.71881279,0.016094102,0.216948232,6.528887709,0.143874549,3.707680108,-22.26574203,22.98534628,261.7295165,0.414673395,4.72180257,13.28459875,10.5417636,3.009045374,-29.92172219,20.35501349,183.9237774,0.419691,3.792242832,-84.6,-7.17,0.584824476,restricted,rain,1.743244753,-27.24,-13.36337781,-103.5725442,1456.836104,too deep for boat sediment,,Pasture-livestock,,29.13782958,174.65,0.001530927,0.000299273,2770,290,7425.368,1.554365618,NV
57C,,,22-Aug-17,10:20,52.40814,-107.92896,18.4,80,4.4,"L, C",0.38,2.7,3,105.6,0,0,16.6,43.7,4.15,414.1,0.24,8.86,15.6,1.3,0.13,418.1,0.25,7.98,213.62,NA,,,,,,N,15.07047208,0.1,0.12,51.15,0.2,2200,18.33333333,11,32.498,2705.91174,24.166,2012.156536,261.4275888,10.5288335,0.254139371,1132.55758,1.749896727,0.079909059,0.192274101,5.725521608,0.015592591,2.848912672,-24.04207533,20.82219835,209.248848,0.404786127,4.06782364,11.72420183,10.14643541,2.807878716,-29.57260674,21.95825245,190.9697058,0.444499037,3.865783518,-78.75,-6.57,0.550475433,restricted,rain,1.515931605,-26.19,-11.84097688,-91.78916106,702.4966426,,,Pasture-livestock,,24.32488452,135.16,0.001576609,0,1420,150,3514.374,1.122902774,0
57B,,,22-Aug-17,9:42,52.41474,-107.92747,17.8,40,3.1,"L, C",0.43,2.8,3,105.6,0,0,16.4,104.1,10.16,636,0.37,9.09,13.9,0.9,0.1,683,0.43,7.27,330.18,700.6,,16,16.7,17,1,N,147.7645104,0.12,0.04,20.45,0.06,2210,55.25,36.83333333,62.715,5221.898418,29.147,2426.894255,253.2831502,10.16744187,0.241821006,8533.448297,13.11632305,0.012671803,0.207644404,6.162371044,0.184604814,2.367415907,-26.46302671,27.2285234,309.7685887,0.602134529,6.850256273,13.27272439,12.91228715,2.714803904,-28.3587073,22.6233674,250.3880711,0.545141383,6.033447495,-80.5,-8.12,0.257847158,open,rain,0.549078031,-15.54,-11.25693319,-87.2686629,127.3834405,,,Pasture-livestock,,81.45150725,285.93,0.003112521,0,550,95,1052.016,1.142713422,1318.15
57A,,,22-Aug-17,9:01,52.41588,-107.93136,16.5,0,6.3,"L, C",0.55,3.8,4,105.6,0,0,16.5,70,6.84,367,0.21,7.99,12.5,1.7,0.18,448.2,0.28,6.9,188.91,NA,,,,,,N,16.146278,0.07,0.04,35.02,0.05,1360,34,27.2,27.245,2268.526228,16.285,1355.953372,1067.273193,43.11950446,0.698001076,199.426203,0.308830643,0.005894068,0.246984326,7.379921945,0.042664246,1.696872182,-27.9592912,24.81865811,236.8142965,0.535230928,5.107058368,11.13208235,11.04069579,2.65486767,-29.52712653,26.13857253,247.3611666,0.477853246,4.522141985,-112,-11.11,0.432962931,restricted,snow,1.448975807,-23.12,-18.55032901,-143.7195465,567.725223,Too deep for boat sediment depth. Horses,Livestock,Pasture-livestock,,60.14880536,117.49,0.006656797,0,1460,158,4388.316,1.166475783,NV
59B,,,21-Aug-17,14:50,52.61742,-107.3954,22.2,40,3,"L, C",1.64,2.3,2.5,104.2,0,0,18.2,104.8,9.18,136.1,0.07,9.59,15.9,75.2,6.97,127.7,0.07,9.41,69.01,712.1,,55,17.1,17.8,3,N,5.8064719,0.05,0.03,15.25,0.02,978.35,32.61166667,48.9175,17.544,1460.782681,12.014,1000.333056,61.63720717,2.381926763,0.098338333,446.4380041,0.671572774,0.001315671,0.207187352,5.910105137,0.38384811,NA,-15.63705087,8.289220867,130.710056,0.188562804,2.973386168,18.39679117,11.15789238,2.235604149,-26.35517389,8.791288315,84.07907052,0.162200891,1.551274364,-96.9,-7.83,0.950323223,restricted,snow,1.432435309,-34.26,-18.63370106,-144.3648462,248.4297307,Lots of macrophytes along edges,,Pasture-livestock,,108.1738671,70.99,0.006259143,0.000317588,300,77,394.036,1.254079781,0
59A,,,21-Aug-17,14:13,52.61391,-107.40239,21.4,30,10.5,"L, C",0.72,2,2,104.2,0,0,17.6,94.5,8.45,228.8,0.13,8.31,16.3,66.1,6.07,223.4,0.13,8,116.82,712.2,,30,18.4,18.5,1,N,17.02131267,0.06,0.03,480.01,0.07,2180,72.66666667,31.14285714,31.641,2634.554538,19.771,1646.21149,512.4370138,20.16708818,0.213946024,3388.423748,5.162744606,0.00760003,0.288592474,8.388658226,0.008005242,NA,-14.34917909,4.04535281,59.0348822,0.088597302,1.292923395,17.02546909,8.926982847,8.009815535,-27.3743896,3.935611183,30.11411445,0.073288849,0.560784254,-110.8,-11.03,0.425513014,restricted,snow,0.75472903,-22.56,-18.21502424,-141.1242876,400.6370513,,,Pasture-livestock,,68.86785487,99.56,0.002693508,0,1080,148,1670,1.270412931,NV
59D,,,21-Aug-17,11:48,52.65964,-107.37451,16.8,0,5.8,"L, C",0.15,1.2,1,104.2,0,0,16.8,114.7,10.46,684,0.40,8.41,16.1,101.6,9.36,676,0.4,8.43,355.28,711.7,,35,15.4,15.7,1,Y,91.94568234,3.94,0.02,1060,0.09,8560,428,95.11111111,84.832,7063.447127,35.188,2929.891757,1141.540336,45.9743033,0.104387677,869.3088908,1.345349556,0.01407706,0.292438319,8.701207037,0.101120562,4.82926153,-17.63280636,29.13799078,540.0832922,0.539992416,10.00895649,21.6245924,11.62107795,5.398829388,-28.00188478,44.24981527,440.7690452,0.916145244,9.12565311,-78.7,-3.14,1.458643108,closed,snow,2.508281809,-53.58,-18.11022279,-140.3131244,1023.717419,,,Pasture-livestock,,210.324254,357.46,0.001655549,0.000646488,1130,150,1206.864,1.258772091,0
44A,,,22-Aug-17,9:58,52.71911,-108.8854,19.6,100,1.3,"J, N",1.89,4,4,96.7,0,0,17.9,92.1,8.13,363.2,0.20,8.71,17.6,76.1,6.77,357.2,0.2,8.62,186.92,707.3,,12,17.4,17.3,2,N,7.677850136,0.04,0.02,11.33,0.02,656.39,32.8195,32.8195,26.991,2247.377186,9.222,767.8601166,185.6079447,7.187929115,0.107844165,129.0903476,0.19406355,0.000846479,0.281004438,8.031436316,0.006873309,4.237618793,-15.18227063,10.44485961,157.0173048,0.199596018,3.000521782,17.53846989,8.870703962,4.942664544,-26.48568748,10.8718224,82.66347262,0.226969152,1.725750994,-93.3,-8.6,0.507174137,restricted,rain,1.967102712,-24.5,-14.87507237,-115.2730601,2733.484132,Dug in 2011 (using large equipment because dirt was used to build road). No direct livestock access. Solar pumps used. Stocked with rainbow trout for fishing. was originally 30 ft. Macrophytes growing on shore. Bottom very clear. Very steep bank. very large L shape dugout.,Pump,Domestic,6,72.57550432,95.51,0.000359771,0,6400,411,20904,1.449261993,655.86
44B,,,22-Aug-17,8:43,52.6791,-108.90743,18.8,80,1.7,"J, N",0.15,2,2,110.2,0,0,16.3,65.2,5.92,1212,0.73,8.49,14,3.7,0,1963,1.29,7.06,653.93,706,,29,15.9,16.2,3,N,58.90268256,0.07,0.28,8.89,0.42,2380,8.5,5.666666667,55.584,4628.143214,32.502,2706.244796,573.4721481,23.22595041,0.147528806,529.1055228,0.819246843,0.153547029,0.218468002,6.540505514,0.298924108,5.757389095,-24.83154611,35.28039366,357.1047624,0.71839531,7.271528455,11.80888815,10.32213631,5.172586249,-28.96687175,37.39339941,330.8397993,0.814671011,7.207838766,-89.4,-8.24,0.472756147,restricted,rain,0.784876959,-23.48,-13.81543116,-107.0714371,363.918088,Dug in 2002. Never direct livestock access. No longer used (used to fill equipment),,Grassland,15,12.53100112,231.93,0.005436849,0.001283955,910,145,1278,1.355945937,534.28
58A,,,22-Aug-17,15:21,52.62412,-107.45502,22.1,55,3.6,"J, N",0.84,2.4,2.5,70.4,0,0,18.2,89.7,8.37,2814,1.70,8.52,13.9,3.8,0.39,3823,2.63,7.68,1567.65,714.7,26,17,17.7,18.1,2,N,2.683130158,0.09,0.000829,44.13,0.06,7180,8661.037394,119.6666667,141.85,11810.99084,90.392,7526.394671,1558.886553,59.64329242,0.610559997,177.0470214,0.262465384,0.002114363,0.291207598,8.255727362,0.057031709,NA,-13.17667397,9.825835948,243.7894031,0.167733628,4.16164908,28.94623641,10.81958571,5.39763042,-25.64529919,8.988755836,83.36109787,0.198427281,1.840200836,-85.1,-7.26,0.593199777,restricted,rain,1.154801549,-27.02,-13.41499944,-103.9720957,423.9300071,Dug in fall of 2015. Direct cattle access. Red colour - possibly due to cow urine. one end has outlet into a pond with lots of cattails,Livestock,Pasture-livestock,2,264.6252589,639.52,0.008215387,0,820,134,1391.232,1.320057777,1426.1
58B,,,21-Aug-17,13:52,52.6377,-107.45095,22.1,0,4.7,"J, N",0.27,2.1,2,114.9,0,0,17.1,56.9,5.48,706,0.41,8.81,15.5,2.6,0.26,683,0.41,8.27,366.76,714,34.5,30,16.7,17.1,2,N,132.7929746,0.39,0.01,303.57,0.07,5970,597,85.28571429,63.546,5291.090758,63.373,5276.686095,398.3587714,15.94719583,0.404018577,9378.401894,14.46601182,0.047695668,0.237598933,7.023700916,0.018826279,3.060138561,-22.98609525,55.41295139,778.6297227,1.343670014,18.88044914,16.39330374,12.46753349,3.905851169,-27.57051778,99.82784012,1066.805948,2.253450116,24.08139838,-94.2,-8.71,0.495236874,restricted,rain,1.001558313,-24.52,-15.07792806,-116.8431632,456.9209786,Dug before 2007 but not sure of year. Trees around dugout. Macrophytes at edges. Direct cattle access,Livestock,Pasture-livestock,>10,188.5968319,308.26,0.002333419,0.000342228,1060,152,1865.913,1.316999843,1651.25
58C,,,21-Aug-17,11:59,52.63996,-107.45967,18.9,0,4,"J, N",1.25,2.4,2.5,112.2,0,0,16.6,59.5,5.77,457.4,0.26,8.59,16.1,35.9,3.54,447,0.26,8.4,236.37,714,,42,16.1,16.6,2,N,4.241786747,0.74,0.02,18.77,0.02,2220,111,111,37.376,3112.073272,19.843,1652.206495,404.9222111,16.46890083,0.096276302,14762.04922,23.03328812,0.092622211,0.254454706,7.651329556,0.078905407,NA,-9.844755182,5.503538658,150.2028043,0.095398486,2.60361942,31.84071484,9.79472485,5.506031597,-26.62361599,5.442531345,45.69265458,0.119879545,1.006446136,-98.75,-9.945,0.341749629,open,rain,0.783419478,-19.19,-15.06768263,-116.7638636,532.3544464,Dug in fall of 2015. no cattails. in sandy sticky mud - impossible to core. Direct cattle access,Livestock,Pasture-livestock,2,245.4601983,138.75,0.001644349,0,1790,186,3570.912,1.240170786,NV
4H,,,23-Aug-17,9:16,50.33835,-104.6525,19.8,0,2.6,"L, C",0.24,1.4,1.5,80.5,0,0,16.1,87.7,8.64,501,0.29,8.29,15.6,62.2,6.17,491,0.29,7.95,259.29,711.3,,77,16.5,16.9,3,N,52.57897036,0.06,0.01,42.53,0.04,1500,150,37.5,41.298,3438.634471,18.601,1548.792673,918.1316547,37.77854897,0.07093375,3211.63592,5.046702445,0.003627304,0.228723351,6.962722919,0.396562583,5.055786188,-22.9402783,16.8233548,167.477396,0.290558805,2.892528428,11.61422901,10.74827126,5.086303933,-26.99067386,14.20705562,130.8868179,0.265552441,2.446482577,-75.6,-5.42,0.626149667,restricted,rain,0.76356407,-32.24,-12.40226164,-96.13350511,309.8103887,,,Crop,,82.92574268,156.85,0.000939132,0.000637446,460,91,603.372,1.196899111,NV
5,,,24-Aug-17,10:03,51.37151,-102.58316,17.6,0,6.4,"L, J",2.3,2.3,2.5,101.3,0,0,20.3,43.6,3.9,3239,1.88,8.07,20.3,43.8,3.92,3245,1.88,8.08,1811.37,720.5,,27,19.7,19.6,2,N,2.37251635,0.08,0.02,26.84,0.01,1170,58.5,117,76.136,6339.383847,15.401,1282.348043,2515.345542,90.91635025,0.543976286,227.7307112,0.324726012,0.002187059,0.139738634,3.738011865,0.019394182,#N/A,#N/A,#N/A,#N/A,#N/A,#N/A,#N/A,9.146146689,0.760063604,-25.98570586,21.98157585,172.3257576,0.518433393,4.064286736,-66.5,-4.6,0.758113885,restricted,rain,1.781818578,-29.7,-8.759020724,-67.9348204,1160.425347,Bottom sand + gravel. Groundwater,,Pasture-livestock,,258.7283172,322.57,0,0,1770,169,3597.591,1.133170186,#N/A
74A,,,24-Aug-17,11:37,51.54864,-102.76026,20.1,0,13,"L, J",1.27,2.5,2.5,93.6,0,0,17.6,71.8,6.84,783,0.45,7.84,13.2,1.3,0.14,816,0.53,6.82,410.59,718.5,,77,17.4,18.1,2,N,17.14287542,0.03,0.06,302.05,0.07,1080,18,15.42857143,78.029,6497.002498,10.824,901.2489592,4750.861252,188.4591494,1.478748059,2318.48189,3.559583972,0.009318038,0.217714331,6.372057237,0.051321721,2.458096387,-27.15326801,65.03753536,831.9475275,1.498215512,19.164882,14.92377353,13.24859322,2.35577437,-30.23008243,68.63795302,779.4482737,1.603690491,18.21140826,-82.1,-7.75,0.374706592,open,rain,0.959358426,-20.1,-11.84158113,-91.79383796,270.2957859,Out flow and inflow,Livestock,Pasture-livestock,,34.11801985,316.89,0.005243616,0,840,121,1846.875,1.177716597,NV
74B,,,24-Aug-17,12:23,51.55365,-102.76506,19.9,5,13.6,"L, J",1.02,2.7,3,93.6,0,0,18.3,93.4,8.76,683,0.38,8.52,15.9,3,0.24,743,0.46,7.13,354.76,718,,66,18.2,19.6,2,N,23.07133583,0.03,0.02,12.22,0.01,998.84,49.942,99.884,59.504,4954.537885,17.436,1451.790175,778.8256748,30.23547081,0.206553259,3080.631296,4.65863345,0.010645895,0.244376174,6.993479808,0.013951485,3.684567258,-19.97174636,27.00971776,403.6470725,0.641713418,9.59009438,17.43526492,11.90708037,3.336222342,-28.65250874,38.0414961,388.2541297,0.852948343,8.705249545,-87.2,-10.41,0.074563967,open,rain,0.213979492,-3.92,-11.57452646,-89.72683483,98.59870258,Fish. inflow stream (currently dry). outflow. ,Livestock,Pasture-livestock,,220.8787969,262.3,0.005351096,0,1540,167,3794.769,1.200469633,NV
74C,,,24-Aug-17,13:13,51.54495,-102.76698,22.1,5,16.4,"L, J",0.43,3.3,3,93.6,0,0,18.5,108,10.12,617,0.35,9.19,13.9,1.2,0.13,631,0.39,6.94,320.22,717.4,,11,18.5,19.6,2,N,167.1026312,0.09,0.01,39.02,0.03,1490,149,49.66666667,39.053,3251.706911,20.063,1670.524563,138.6769356,5.347568014,0.968732237,1137.358607,1.711564486,0.002727544,0.257250315,7.310911859,0.080246101,3.282353673,-25.07207318,50.81624804,547.0955711,0.984811009,10.60262735,12.56051344,10.68546848,3.494577198,-28.5170439,59.66246407,546.4468967,1.195640563,10.95083961,#N/A,#N/A,#N/A,#N/A,#N/A,#N/A,#N/A,#N/A,#N/A,#N/A,,Livestock,Pasture-livestock,,109.8305392,139.8,0.004362381,0.00037058,1190,145,2670.426,1.185740324,NV
10C,,,24-Aug-17,10:30,51.80564,-103.37831,17.6,0,12.8,"Justin, C",0.19,2,2,101.4,0,0,16.8,82.3,7.46,1049,0.62,8.88,16.8,82.4,7.4,1047,0.62,8.87,561.41,712.8,,47,17.2,17.3,2,N,174.6141702,0.08,0.01,19.83,0.03,2020,202,67.33333333,27.259,2269.691923,22.682,1888.592839,126.1733811,5.083900325,0.250384494,360.1125313,0.557374977,0.000405176,0.266487925,7.930736002,0.083482788,5.520376413,-15.96006778,17.88603692,282.135299,0.338430216,5.338416253,18.40306214,10.05848509,5.502504015,-28.04886252,14.83542306,127.9044699,0.339483365,2.926875743,-84.8,-6.15,1.119561951,closed,rain,2.215109041,-35.6,-15.3623451,-119.0445511,1157.728649,,Livestock,Pasture-livestock,,148.897778,112.55,0,0,1200,152,2046,1.23779303,534.92
10D,,,24-Aug-17,11:39,51.80376,-103.40521,20.3,1,8.5,"Justin, C",0.5,0.5,0.5,96.1,0,0,16.6,115.5,10.28,3569,2.27,9.69,#N/A,#N/A,#N/A,#N/A,#N/A,#N/A,2001.00,712.7,,16,17.2,17.5,1,N,50.21253248,0.03,0.00586,<LOD,0.02,1830,312.2866894,91.5,20.884,1738.884263,28.95,2410.491257,48.51663502,1.922347024,0.123795837,192.5698015,0.290322154,0.001393032,0.223460424,6.625676609,0.082138348,2.351398917,-16.32377912,23.83658194,424.1915648,0.498986434,8.879873661,20.76179211,9.225346015,1.670705169,-29.13403846,38.6550276,305.6622899,0.952094276,7.528627829,-69.3,-4.49,0.986154632,restricted,rain,0.520723695,-33.38,-9.769697473,-75.75745844,323.3273807,Many macrophytes,,Pasture-livestock,,202.3388121,119.9,NA,NA,380,84,173.125,1.215577228,1925.8
10A,,,24-Aug-17,12:25,51.77975,-103.42531,22.3,1,5.8,"Justin, C",0.76,0.8,1,96.11,0,0,18.4,48.5,4.47,738,0.42,7.88,18.5,47.7,4.97,731,0.42,7.82,385.10,711.6,,16,18.5,19.2,2,N,10.56081367,0.24,0.07,21.1,0.1,1640,23.42857143,16.4,57.312,4772.023314,20.094,1673.105745,2832.975063,108.6578351,0.863065052,2119.01755,3.16858958,0.026470485,0.230550025,6.516861843,0.070215081,4.20650414,-22.49627227,24.10207988,239.6335161,0.566042271,5.627842088,11.59951493,10.5964966,3.819574627,-28.81347968,22.62815576,205.5250076,0.461799097,4.194387911,-89.2,-8.25,0.458513906,restricted,rain,0.437214862,-23.2,-13.73948368,-106.4836037,138.9157975,Dugout very protected form wind. Completely enclosed by cattails.  Weird 2.5 sal reading at surface - cleaned probe off and retook,,Pasture-livestock,,36.26619147,248.22,0.00037,0.00037,350,93,288.896,1.402309882,206.74
10B,,,24-Aug-17,13:14,51.77527,-103.46152,21.3,1,9.8,"Justin, C",0.76,2.2,2,96.1,0,0,18,96.2,8.54,1313,0.76,9.3,16.1,2.1,0.22,1279,0.78,8.34,711.30,711.3,,50,18.6,18.6,3,N,67.04944538,0.09,0.02,5.48,0.05,2120,106,42.4,35.142,2926.061615,29.128,2425.31224,84.23531128,3.262369455,0.034075288,660.029429,0.992346735,0.005310977,0.269909373,7.707327906,0.028055555,3.909162989,-21.02802607,19.54755853,252.3529647,0.482894232,6.234015927,15.06130762,10.27953831,4.003426933,-28.44138719,26.51722159,233.6441101,0.609591301,5.371128968,-65,-5.7,0.356196714,open,rain,0.719824524,-19.4,-8.398032688,-65.140773,664.143962,Wide open. Water level quite low. Surrounded by electric fence,Isolated,Pasture-livestock,,93.76137306,163.43,0.003389095,0.000361942,2150,194,3767.984,1.180259672,534.39
,,,,,,,,,,,,,,,,,,,,,,,,,,,,,,,,,,,,,,,,,,,,,,,,,,,,,,,,,,,,,,,,,,,,,,,,,,,,,,,,,,,,,,,,,,,,,,
,,,,,,,,,,,,,,,,,,,,,,,,,,,,,,,,,,,,,,,,,,,,,,,,,,,,,,,,,,,,,,,,,,,,,,,,,,,,,,,,,,,,,,,,,,,,,,