Sample_ID,Site_ID,Date,Sample,Temp_in,Temp_out,CO2ppm,CH4ppm,N2Oppm,RerunCO2,RerunCH4,RerunN2O,Reruns,Flagged
32A1 ,32A,1/May/18,Atm,,,416.7115776,2.121522248,0.3261841393,,,,,
32A2 ,32A,1/May/18,1A,7.7,9.6,1829.843,153.137,0.384,1829.843,153.137,0.384,REPLACED,
32A3 ,32A,1/May/18,1B,7.7,9.6,1862.556767,143.8949361,0.4256279523,,,,,
32A4 ,32A,1/May/18,2A,7.7,10,1870.34899,143.0947249,0.4251530497,,,,,
32A5 ,32A,1/May/18,2B,7.7,10,1860.557,145.359,0.397,1860.557,145.359,0.397,REPLACED,
66A1 ,66A,27/Apr/18,Atm,,,459.4582357,8.417594738,0.3315641683,,,,,
66A2 ,66A,27/Apr/18,1A,11.4,12.1,458.002125,8.628388073,0.3143619194,,,,,REMOVE
66A3 ,66A,27/Apr/18,1B,11.4,12.1,2462.718752,4.470119038,0.4452405631,,,,,
66A4 ,66A,27/Apr/18,2A,11.4,11.7,2392.74,4.161,0.413,2392.74,4.161,0.413,REPLACED,
66A5 ,66A,27/Apr/18,2B,11.4,11.7,2490.46545,4.551895915,0.4358686649,,,,,
32B1 ,32B,1/May/18,Atm,,,482.4512954,10.75998668,0.3348493585,,,,,
32B2 ,32B,1/May/18,1A,7.5,7.8,198.2069045,510.7575703,0.7344142176,,,,,
32B3 ,32B,1/May/18,1B,7.5,7.8,231.347,509.286,0.654,231.347,509.286,0.654,REPLACED,
32B4 ,32B,1/May/18,2A,7.5,8,228.945,532.55,0.651,228.945,532.55,0.651,REPLACED,
32B5 ,32B,1/May/18,2B,7.5,8,242.535,537.412,0.69,242.535,537.412,0.69,REPLACED,
32C1 ,32C,1/May/18,Atm,,,486.1011437,2.487854045,0.3333396158,,,,,
32C2 ,32C,1/May/18,1A,7.3,8.5,221.0180798,62.52080493,0.4251056591,,,,,
32C3 ,32C,1/May/18,1B,7.3,8.5,175.949053,63.09604127,0.4214720559,,,,,
32C4 ,32C,1/May/18,2A,7.3,9,192.54,61.569,0.381,192.54,61.569,0.381,REPLACED,
32C5 ,32C,1/May/18,2B,7.3,9,181.133191,57.240206,0.4246785472,,,,,
66B1 ,66B,27/Apr/18,Atm,,,449.5292405,5.273002227,0.3180408152,,,,,
66B2 ,66B,27/Apr/18,1A,6.7,7.4,1198.75779,17.71083247,0.3089764451,,,,,
66B3 ,66B,27/Apr/18,1B,6.7,7.4,1220.991451,17.53869247,0.3133212211,,,,,
66B4 ,66B,27/Apr/18,2A,6.7,7,1211.963348,19.54099321,0.3216577002,,,,,
66B5 ,66B,27/Apr/18,2B,6.7,7,1167.306,18.457,0.293,1167.306,18.457,0.293,REPLACED,
66C1 ,66C,27/Apr/18,Atm,,,493.7041259,4.704085436,0.3306540258,,,,,
66C2 ,66C,27/Apr/18,1A,7.1,7.1,1265.624792,26.20597726,0.3681515162,,,,,
66C3 ,66C,27/Apr/18,1B,7.1,7.1,1310.063617,25.31739448,0.3575395636,,,,,
66C4 ,66C,27/Apr/18,2A,7.1,7.1,1061.752421,30.15014724,0.3679926367,,,,,
66C5 ,66C,27/Apr/18,2B,7.1,7.1,1079.359724,26.3283364,0.3778027139,,,,,
56B4 ,56B,25/Apr/18,Atm,,,419.1290608,2.263942647,0.3286260066,,,,,
56B2 ,56B,25/Apr/18,1A,8.5,8.7,851.6231128,13.6962002,0.437306371,,,,,
56B3 ,56B,25/Apr/18,1B,8.5,8.7,807.2204518,13.87956315,0.4232140144,,,,,
56B1 ,56B,25/Apr/18,2A,8.5,9,725.0872537,10.71676735,0.3995532499,,,,,
56B5 ,56B,25/Apr/18,2B,8.5,9,699.016,9.598,0.36,699.016,9.598,0.36,REPLACED,
56A1 ,56A,25/Apr/18,Atm,,,435.1763794,1.883792251,0.3288177485,,,,,
56A2 ,56A,25/Apr/18,1A,2.9,4.3,125.7072051,3.308461581,0.5202466803,,,,,
56A3 ,56A,25/Apr/18,1B,2.9,4.3,122.6262615,3.830690636,0.507918341,,,,,
56A4 ,56A,25/Apr/18,2A,2.9,4.4,176.1826089,3.132147647,0.5025982581,,,,,
56A5 ,56A,25/Apr/18,2B,2.9,4.4,120.6782381,3.16055235,0.4911131775,,,,,
62B1 ,62B,3/May/18,Atm,,,453.940967,2.473213446,0.333956901,,,,,
62B2 ,62B,3/May/18,1A,12.5,14,176.136716,111.6766803,0.3249848162,,,,,
62B3 ,62B,3/May/18,1B,12.5,14,171.3135277,110.2537183,0.3280039461,,,,,
62B4 ,62B,3/May/18,2A,12.5,14.1,200.823,113.133,0.303,200.823,113.133,0.303,REPLACED,
62B5 ,62B,3/May/18,2B,12.5,14.1,169.9263799,111.9074869,0.3170635714,,,,,
62C1 ,62C,3/May/18,Atm,,,445.2554277,2.31300596,0.3128617921,,,,,
62C2 ,62C,3/May/18,1A,13.2,13.4,379.9594908,68.52561343,0.3214900096,,,,,
62C3 ,62C,3/May/18,1B,13.2,13.4,438.7536117,79.26289544,0.3206979549,,,,,
62C4 ,62C,3/May/18,2A,13.2,13.9,380.2305788,62.41184372,0.3225357035,,,,,
62C5 ,62C,3/May/18,2B,13.2,13.9,393.601,61.841,0.292,393.601,61.841,0.292,REPLACED,
62E1 ,62E,3/May/18,Atm,,,492.400956,11.52668126,0.3300491119,,,,,
62E2 ,62E,3/May/18,1A,13.1,14.4,81.26414716,25.57707936,0.7627958626,,,,,
62E3 ,62E,3/May/18,1B,13.1,14.4,85.27475126,25.13359621,0.7620770029,,,,,
62E4 ,62E,3/May/18,2A,13.1,14.5,70.57762738,24.79152567,0.8391984722,,,,,
62E5 ,62E,3/May/18,2B,13.1,14.5,81.98776787,24.83097498,0.8391079566,,,,,
61C1 ,61C,3/May/18,Atm,,,474.7614133,2.705856658,0.3383059203,,,,,
61C2 ,61C,3/May/18,1A,12.1,13.3,159.466,41.417,0.362,159.466,41.417,0.362,REPLACED,
61C3 ,61C,3/May/18,1B,12.1,13.3,108.8007016,40.51740122,0.3967294529,,,,,
61C4 ,61C,3/May/18,2A,12.1,12.8,116.16953,42.34135796,0.3976307747,,,,,
61C5 ,61C,3/May/18,2B,12.1,12.8,124.0130818,42.34572656,0.3995301455,,,,,
61B1 ,61B,3/May/18,Atm,,,456.51126,2.35353827,0.3320610943,,,,,
61B2 ,61B,3/May/18,1A,14,14.9,803.1476437,18.45964032,0.4469267036,,,,,
61B3 ,61B,3/May/18,1B,14,14.9,782.8797224,18.60550923,0.4394355005,,,,,
61B4 ,61B,3/May/18,2A,14,13.9,794.0866033,18.35440906,0.4503293862,,,,,
61B5 ,61B,3/May/18,2B,14,13.9,415.6974437,2.124314006,0.3272027961,458.575,4.94,0.318,NO,REMOVE
4C1 ,4C,24/Apr/18,Atm,,,688.1291689,503.796573,1.373179122,,,,,REMOVE
4C2 ,4C,24/Apr/18,1A,1.5,6.3,531.6879525,720.5289516,0.3871209468,,,,,
4C3 ,4C,24/Apr/18,1B,1.5,6.3,537.73739,722.5651535,0.3906650988,,,,,
4C4 ,4C,24/Apr/18,2A,1.2,4.9,521.1873445,716.8153922,0.3944570307,,,,,
4C5 ,4C,24/Apr/18,2B,1.2,4.9,527.1205892,717.1711427,0.3959839924,,,,,
14A1 ,14A,26/Apr/18,Atm,,,442.4119465,2.704502505,0.3244685597,,,,,
14A2 ,14A,26/Apr/18,1A,10.4,12.7,1586.12,22.462,2.127,1586.12,22.462,2.127,REPLACED,
14A3 ,14A,26/Apr/18,1B,10.4,12.7,1583.684,22.056,2.072,1583.684,22.056,2.072,REPLACED,
14A4 ,14A,26/Apr/18,2A,10.3,12.5,1599.002163,22.1940434,2.298038814,,,,,
14A5 ,14A,26/Apr/18,2B,10.3,12.5,1555.073,21.075,2.054,1555.073,21.075,2.054,REPLACED,
4D1 ,4D,24/Apr/18,Atm,,,449.1469571,4.567849393,0.326885561,,,,,
4D2 ,4D,24/Apr/18,1A,3.2,9.1,738.0604782,518.2386598,1.51161066,,,,,
4D3 ,4D,24/Apr/18,1B,3.2,9.1,727.5965051,508.1489883,1.483851228,,,,,
4D4 ,4D,24/Apr/18,2A,3,6.3,709.715,509.449,1.263,709.715,509.449,1.263,REPLACED,
4D5 ,4D,24/Apr/18,2B,3,6.3,653.011,512.034,1.192,653.011,512.034,1.192,REPLACED,
14B1 ,14B,26/Apr/18,Atm,,,437.0918622,1.972284714,0.3250889502,,,,,
14B2 ,14B,26/Apr/18,1A,4.8,6.8,1996.676106,11755.58867,1.648215279,,,,,REMOVE
14B3 ,14B,26/Apr/18,1B,4.8,6.8,1446.993832,74.68211346,0.6433595473,,,,,
14B4 ,14B,26/Apr/18,2A,4.5,6,1438.178603,74.81224867,0.6345598813,,,,,
14B5 ,14B,26/Apr/18,2B,4.5,6,1405.613,78.893,0.572,1405.613,78.893,0.572,REPLACED,
68-1 ,68,26/Apr/18,Atm,,,446.2834184,4.150940702,0.328259667,,,,,
68-2 ,68,26/Apr/18,1A,10.1,12.4,616.1753513,1699.50111,6.43201235,,,,,
68-3 ,68,26/Apr/18,1B,10.1,12.4,650.2947796,1737.482543,6.731508113,,,,,
68-4 ,68,26/Apr/18,2A,9.7,10.9,503.2145154,1416.211181,5.295500524,,,,,
68-5 ,68,26/Apr/18,2B,9.7,10.9,485.501,1437.402,4.482,485.501,1437.402,4.482,REPLACED,
23-1 ,23,24/Apr/18,Atm,,,416.4751303,2.800069598,0.3296299361,,,,,
23-2 ,23,24/Apr/18,1A,3.9,7.2,1953.799,21586.963,0.438,1953.799,21586.963,0.438,REPLACED,
23-3 ,23,24/Apr/18,1B,3.9,7.2,1985.656745,21198.17216,0.4689471396,,,,,
23-4 ,23,24/Apr/18,2A,5.3,7.6,2012.809294,19904.68993,0.4854586624,,,,,
23-5 ,23,24/Apr/18,2B,5.3,7.6,2008.922209,19958.35956,0.4870972658,,,,,
62E6 ,62E,15/May/18,Atm,,,428.9555343,8.570092688,0.3224781594,,,,,
62E7 ,62E,15/May/18,1A,16.5,18.4,287.562,35.733,0.494,287.562,35.733,0.494,REPLACED,
62E8 ,62E,15/May/18,1B,16.5,18.4,250.7503833,34.16241865,0.5309507089,,,,,
62E9 ,62E,15/May/18,2A,16.5,18.6,342.675,23.661,0.445,342.675,23.661,0.445,REPLACED,
62E10 ,62E,15/May/18,2B,16.5,18.6,246.2724675,32.41990207,0.5085880871,,,,,
62B6 ,62B,15/May/18,Atm,,,421.2803494,2.097902298,0.330063629,,,,,
62B7 ,62B,15/May/18,1A,15.4,17.6,308.693,62.401,0.322,308.693,62.401,0.322,REPLACED,
62B8 ,62B,15/May/18,1B,15.4,17.6,275.7399572,62.0893098,0.3530434038,,,,,
62B9 ,62B,15/May/18,2A,15.4,17.9,269.4725014,63.36307948,0.3560275299,,,,,
62B10 ,62B,15/May/18,2B,15.4,17.9,270.6977203,64.13004309,0.3473292658,,,,,
62C6 ,62C,15/May/18,Atm,,,429.3914743,1.919973666,0.3238736064,,,,,
62C7 ,62C,15/May/18,1A,15.6,18.3,455.5995152,426.752909,0.3307391309,,,,,
62C8 ,62C,15/May/18,1B,15.6,18.3,474.4634835,418.3385292,0.3369551695,,,,,
62C9 ,62C,15/May/18,2A,15.6,18.2,431.7893332,408.7714444,0.3318418337,,,,,
62C10 ,62C,15/May/18,2B,15.6,18.2,444.6426823,390.4641847,0.3319582446,,,,,
14B6 ,14B,18/May/18,Atm,,,423.6876837,2.035773429,0.3234307152,,,,,
14B7 ,14B,18/May/18,1A,14.4,16.2,822.5067989,40.95007798,0.3116245524,,,,,
14B8 ,14B,18/May/18,1B,,,801.8149649,39.08717986,0.3098644749,,,,,
14B9 ,14B,18/May/18,2A,,,812.0871147,41.89434502,0.3102925431,,,,,
14B10 ,14B,18/May/18,2B,,,807.3139834,41.80251482,0.3119503809,,,,,
68-6 ,68,18/May/18,Atm,,,426.1533717,2.009362132,0.3288271224,,,,,
68-7 ,68,18/May/18,1A,10.6,12,1619.034,728.975,0.294,1619.034,728.975,0.294,REPLACED,
68-8 ,68,18/May/18,1B,10.6,12,1666.285341,713.8240075,0.3190573828,,,,,
68-9 ,68,18/May/18,2A,10.6,12,1706.246463,709.5066171,0.3275928638,,,,,
68-10 ,68,18/May/18,2B,10.6,12,1679.976296,702.7422558,0.323641438,,,,,
14A6 ,14A,18/May/18,Atm,,,422.8380478,1.983023577,0.3291524304,,,,,
14A7 ,14A,18/May/18,1A,11.3,12.2,245.609,24.561,0.277,245.609,24.561,0.277,REPLACED,
14A8 ,14A,18/May/18,1B,11.3,12.2,227.9870289,24.31966919,0.2992650719,,,,,
14A9 ,14A,18/May/18,2A,11.3,12.2,206.7824122,23.39552421,0.283887735,,,,,
14A10 ,14A,18/May/18,2B,11.3,12.2,256.791,22.921,0.26,256.791,22.921,0.26,REPLACED,
32C6 ,32C,17/May/18,Atm,,,423.3144486,2.053148875,0.3242955833,,,,,
32C7 ,32C,17/May/18,1A,13.4,13.3,403.6032703,61.06434593,0.3057037164,,,,,
32C8 ,32C,17/May/18,1B,13.4,13.3,401.3495346,61.43694622,0.3067750425,,,,,
32C9 ,32C,17/May/18,2A,,,454.3079496,2.085407561,0.3384591894,533.217,2.214,0.341,NO,REMOVE
32C10 ,32C,17/May/18,2B,,,427.8792487,1.937365963,0.3311263898,,,,,
23-6 ,23,17/May/18,Atm,,,437.6516319,2.34003202,0.3305693707,,,,,
23-7 ,23,17/May/18,1A,13.3,13.4,137.201,1487.827,0.282,137.201,1487.827,0.282,REPLACED,
23-8 ,23,17/May/18,1B,13.3,13.4,78.53418198,1421.724673,0.2988813862,,,,,
23-9 ,23,17/May/18,2A,13.3,13.4,115.965,1474.012,0.262,115.965,1474.012,0.262,REPLACED,
23-10 ,23,17/May/18,2B,13.3,13.4,100.791,1472.876,0.261,100.791,1472.876,0.261,REPLACED,
61B6 ,61B,15/May/18,Atm,,,426.2378265,2.16624448,0.3244624736,,,,,
61B7 ,61B,15/May/18,1A,16.5,19.5,1268.266944,28.5441165,0.4190272721,,,,,
61B8 ,61B,15/May/18,1B,16.5,19.5,1286.511189,28.57392306,0.4236132142,,,,,
61B9 ,61B,15/May/18,2A,16.5,19.6,1236.653027,23.80945186,0.4169120553,,,,,
61B10 ,61B,15/May/18,2B,16.5,19.6,1278.026297,24.98760374,0.4187826138,,,,,
61C6 ,61C,15/May/18,Atm,,,437.0742794,2.764880422,0.3315406958,,,,,
61C7 ,61C,15/May/18,1A,17.6,18.7,938.0652848,92.353247,0.3442741995,,,,,
61C8 ,61C,15/May/18,1B,17.6,18.7,949.4934152,94.154051,0.3419486311,,,,,
61C9 ,61C,15/May/18,2A,17.6,19.7,881.655,97.032,0.312,881.655,97.032,0.312,REPLACED,
61C10 ,61C,15/May/18,2B,17.6,19.7,910.3446873,94.60781696,0.3313215108,,,,,
4D6 ,4D,16/May/18,Atm,,,432.2084333,2.352566139,0.3252350473,,,,,
4D7 ,4D,16/May/18,1A,19.4,20.6,104.958,629.396,0.321,104.958,629.396,0.321,REPLACED,
4D8 ,4D,16/May/18,1B,19.4,20.6,67.94284938,608.8629596,0.3495388788,,,,,
4D9 ,4D,16/May/18,2A,19.4,20.2,103.6,617.15,0.302,103.6,617.15,0.302,REPLACED,
4D10 ,4D,16/May/18,2B,19.4,20.2,62.30748081,605.0079237,0.3321780758,,,,,
4C6 ,4C,16/May/18,Atm,,,434.7021868,2.655282291,0.3266261613,,,,,
4C7 ,4C,16/May/18,1A,17.3,18.1,331.514,469.957,0.303,331.514,469.957,0.303,REPLACED,
4C8 ,4C,16/May/18,1B,17.3,18.1,302.8468967,465.0788513,0.3264260853,,,,,
4C9 ,4C,16/May/18,2A,17.3,18.2,305.6165207,495.7862428,0.3325825766,,,,,
4C10 ,4C,16/May/18,2B,17.3,18.2,342.581,504.422,0.31,342.581,504.422,0.31,REPLACED,
56A6 ,56A,16/May/18,Atm,,,422.5847626,2.175175336,0.3278317891,,,,,
56A7 ,56A,16/May/18,1A,16,17.6,295.9166831,3.19763647,0.3755742692,,,,,
56A8 ,56A,16/May/18,1B,16,17.6,297.9262059,4.32880061,0.3813650879,,,,,
56A9 ,56A,16/May/18,2A,16,17.6,296.500373,3.598088804,0.3897894327,,,,,
56A10 ,56A,16/May/18,2B,16,17.6,322.0213781,4.003284803,0.3929543526,,,,,
56B6 ,56B,16/May/18,Atm,,,453.999231,2.505952993,0.3368803311,,,,,
56B7 ,56B,16/May/18,1A,15.2,16.1,554.176,16.532,0.301,554.176,16.532,0.301,REPLACED,
56B8 ,56B,16/May/18,1B,15.2,16.1,540.837,16.331,0.293,540.837,16.331,0.293,REPLACED,
56B9 ,56B,16/May/18,2A,15.2,16.1,431.2012502,2.1206155,0.3300044635,,,,,REMOVE
56B10 ,56B,16/May/18,2B,15.2,16.1,431.4725374,2.138215671,0.3332339995,,,,,REMOVE
66C6 ,66C,14/May/18,Atm,,,467.9316753,5.402808194,0.3250730819,,,,,
66C7 ,66C,14/May/18,1A,14.1,14.2,1830.31,135.14,0.277,1830.31,135.14,0.277,REPLACED,
66C8 ,66C,14/May/18,1B,14.1,14.2,1864.161323,129.8673067,0.304226656,,,,,
66C9 ,66C,14/May/18,2A,14.1,13.9,1880.548813,131.2730449,0.2989056446,,,,,
66C10 ,66C,14/May/18,2B,14.1,13.9,1864.760253,127.7747041,0.3032754286,,,,,
66B6 ,66B,14/May/18,Atm,,,425.8461196,2.239751935,0.3248940596,,,,,
66B7 ,66B,14/May/18,1A,14.4,15.4,471.4410727,22.76201233,0.3282889425,,,,,
66B8 ,66B,14/May/18,1B,14.4,15.4,471.5712617,21.9090867,0.3278179574,,,,,
66B9 ,66B,14/May/18,2A,14.4,15.7,468.7954789,22.59368206,0.3271788346,,,,,
66B10 ,66B,14/May/18,2B,14.4,15.7,490.0890919,22.35082162,0.3296113051,,,,,
4A6 ,4A,14/May/18,Atm,,,416.581416,2.026697135,0.3316168903,,,,,
4A7 ,4A,14/May/18,1A,18.5,19.4,415.9882627,3.14044561,0.3306197471,,,,,
4A8 ,4A,14/May/18,1B,18.5,19.4,150.423,177.53,0.388,150.423,177.53,0.388,REPLACED,
4A9 ,4A,14/May/18,2A,18.5,19.7,402.0973715,6.981920341,0.3336398771,,,,,
32A6 ,32A,23/May/18,Atm,,,434.479769,2.266525491,0.3296039541,,,,,
32A7 ,32A,23/May/18,1A,18.7,18.5,265.4322878,36.89879381,0.3211508205,,,,,
32A8 ,32A,23/May/18,1B,18.7,18.5,280.0707927,39.86161151,0.3209694679,,,,,
32A9 ,32A,23/May/18,2A,18.7,18.2,304.005,41.472,0.289,304.005,41.472,0.289,REPLACED,
32A10 ,32A,23/May/18,2B,18.7,18.2,271.8224255,40.49978553,0.3251083326,,,,,
32B6 ,32B,23/May/18,Atm,,,417.311964,2.618758496,0.3273039379,,,,,
32B7 ,32B,23/May/18,1A,20.3,19.2,279.3830954,38.85134347,0.3215678171,,,,,
32B8 ,32B,23/May/18,1B,20.3,19.2,269.5589892,36.07011221,0.3224191876,,,,,
32B9 ,32B,23/May/18,2A,20.3,19.4,280.104261,33.49572481,0.3214105931,,,,,
32B10 ,32B,23/May/18,2B,20.3,19.4,268.3248734,39.93358387,0.3203774554,,,,,
66A6 ,66A,14/May/18,Atm,,,428.7605665,1.957204748,0.3258231735,,,,,
66A7 ,66A,14/May/18,1A,14.6,15.1,248.2879258,7.734598288,0.3316637376,,,,,
66A8 ,66A,14/May/18,1B,14.6,15.1,273.797,8.292,0.311,273.797,8.292,0.311,REPLACED,
66A9 ,66A,14/May/18,2A,14.6,14.9,234.8730439,8.003899707,0.3277537429,,,,,
66A10 ,66A,14/May/18,2B,14.6,14.9,237.782099,7.742401774,0.3262777848,,,,,
23-11 ,23,11/Jun/18,Atm,,,423.1173587,2.068218093,0.2887825134,,,,,
23-12 ,23,11/Jun/18,1A,20.8,21.3,131.7602325,275.2130346,0.2696018369,,,,,
23-13 ,23,11/Jun/18,1B,20.8,21.3,124.9872369,290.5100631,0.2690906988,,,,,
23-14 ,23,11/Jun/18,2A,20.8,21.3,99.32321475,303.7228017,0.2687687508,,,,,
23-15 ,23,11/Jun/18,2B,20.8,21.3,167.9667804,303.0260943,0.2720141989,,,,,
4A11 ,4A,11/Jun/18,Atm,,,419.5326931,1.873470376,0.2851243445,,,,,
4A12 ,4A,11/Jun/18,1A,18.8,19.3,740.0063055,1137.403309,0.2863481649,,,,,
4A13 ,4A,11/Jun/18,1B,18.8,19.3,726.7559493,1095.597897,0.2876478493,,,,,
4A14 ,4A,11/Jun/18,2A,18.8,19.3,734.1095012,1177.745537,0.2839038048,,,,,
4A15 ,4A,11/Jun/18,2B,18.8,19.3,759.5799416,1138.912272,0.2891260254,,,,,
4D11,4D,11/Jun/18,Atm,,,#N/A,#N/A,#N/A,,,,,
4D12 ,4D,11/Jun/18,1A,18.3,18.8,465.9921543,397.0176206,0.299002438,,,,,
4D13 ,4D,11/Jun/18,1B,18.3,18.8,459.9035058,406.9034082,0.3021416528,,,,,
4D14 ,4D,11/Jun/18,2A,18.3,18.4,430.5806314,392.1320287,0.2866025863,,,,,
4D15 ,4D,11/Jun/18,2B,18.3,18.4,440.4320995,386.5094333,0.2933899123,,,,,
66A11 ,66A,12/Jun/18,Atm,,,420.2789467,1.832419338,0.289254356,,,,,
66A12 ,66A,12/Jun/18,1A,17.8,18,4376.301859,40.44475441,0.236818708,,,,,
66A13 ,66A,12/Jun/18,1B,17.8,18,4489.06315,40.32686721,0.2410135937,,,,,
66A14 ,66A,12/Jun/18,2A,17.8,17.9,4384.140586,40.0887487,0.2427276283,,,,,
66A15 ,66A,12/Jun/18,2B,17.8,17.9,4556.948191,41.33010658,0.2432147961,,,,,
66C11 ,66C,12/Jun/18,Atm,,,421.1899115,1.857815369,0.2900381538,,,,,
66C12 ,66C,12/Jun/18,1A,17.2,17,952.1714903,207.6923975,0.2504581504,,,,,
66C13 ,66C,12/Jun/18,1B,17.2,17,952.9058557,206.2836446,0.2554766465,,,,,
66C14 ,66C,12/Jun/18,2A,17.2,17.2,945.6206511,206.552672,0.2495951383,,,,,
66C15 ,66C,12/Jun/18,2B,17.2,17.2,950.7801309,205.8417813,0.2531117962,,,,,
62E11 ,62E,16/Jul/18,Atm,,,416.899,1.871,0.315,,,,,
62E12 ,62E,16/Jul/18,1A,21.1,21.4,1759.939,312.719,0.524,,,,,
62E13 ,62E,16/Jul/18,1B,21.1,21.4,1811.941,314.127,0.524,,,,,
62E14 ,62E,16/Jul/18,2A,21.1,21.5,1738.713,319.694,0.526,,,,,
62E15 ,62E,16/Jul/18,2B,21.1,21.5,1764.368,322.246,0.523,,,,,
68-11 ,68,13/Jul/18,Atm,,,452.496,1.994,0.318,,,,,
68-12 ,68,13/Jul/18,1A,25.8,28.3,142.922,1988.943,0.159,,,,,
68-13 ,68,13/Jul/18,1B,25.8,28.3,185.513,1983.482,0.16,,,,,
68-14 ,68,13/Jul/18,2A,25.8,27.7,328.842,1458.83,0.221,,,,,
68-15 ,68,13/Jul/18,2B,25.8,27.7,230.326,2646.09,0.151,,,,,
14B11 ,14B,13/Jul/18,Atm,,,441.295,2.062,0.314,,,,,
14B12 ,14B,13/Jul/18,1A,23,23.1,434.956,168.171,0.472,,,,,
14B13 ,14B,13/Jul/18,1B,23,23.1,468.147,165.891,0.467,,,,,
14B14 ,14B,13/Jul/18,2A,23,22.9,442.41,83.598,0.385,444.461904,75.79751933,0.3882510591,,
14B15 ,14B,13/Jul/18,2B,23,22.9,421.794,175.235,0.469,,,,,
14A11 ,14A,13/Jul/18,Atm,,,461.08,3.531,0.327,,,,,
14A12 ,14A,13/Jul/18,1A,21.4,22,1896.469,125.126,10.558,,,,,
14A13 ,14A,13/Jul/18,1B,21.4,22,1107.007,57.991,4.269,1045.936066,53.21134681,3.671162571,,
14A14 ,14A,13/Jul/18,2A,21.4,22.6,1240.154,54.674,3.589,1228.030019,54.14292518,3.40693335,,
14A15 ,14A,13/Jul/18,2B,21.4,22.6,1794.769,100.968,6.734,,,,,
32B11 ,32B,12/Jul/18,Atm,,,447.1632574,2.13716866,0.2906681816,,,,,
32B12 ,32B,12/Jul/18,1A,21.3,22.6,212.6079333,260.2828598,0.2850149471,,,,,
32B13 ,32B,12/Jul/18,1B,21.3,22.6,268.3759551,188.3532826,0.2866891972,,,,,
32B14 ,32B,12/Jul/18,2A,21.3,22.7,372.8806696,139.1970391,0.283903855,,,,,
32B15 ,32B,12/Jul/18,2B,21.3,22.7,366.8039328,160.3784767,0.2829583835,,,,,
32A11 ,32A,12/Jul/18,Atm,,,416.5013823,2.047293875,0.2963461056,,,,,
32A12 ,32A,12/Jul/18,1A,21.9,22.3,463.9862152,88.38248421,0.2857786689,,,,,
32A13 ,32A,12/Jul/18,1B,21.9,22.3,461.5511459,74.31350531,0.2837749798,,,,,
32A14 ,32A,12/Jul/18,2A,21.9,22.2,451.7532135,76.49044963,0.2822917607,,,,,
32A15 ,32A,12/Jul/18,2B,21.9,22.2,556.4967887,81.69086113,0.2836307728,,,,,
32C11 ,32C,12/Jul/18,Atm,,,459.9774263,2.015566615,0.2880961064,,,,,
32C12 ,32C,12/Jul/18,1A,21.3,21.1,168.6570032,219.5171754,0.2741084423,,,,,
32C13 ,32C,12/Jul/18,1B,21.3,21.1,190.8601453,217.4599395,0.2776593905,,,,,
32C14 ,32C,12/Jul/18,2A,21.3,21.1,291.5191332,104.5213696,0.2851277379,,,,,
32C15 ,32C,12/Jul/18,2B,21.3,21.1,285.4922067,123.8769587,0.2826835559,,,,,
23-16 ,23,12/Jul/18,Atm,,,520.4086578,1.958422359,0.2993501633,,,,,
23-17 ,23,12/Jul/18,1A,21.8,25.4,77.806574,294.7973914,0.2281781075,,,,,
23-18 ,23,12/Jul/18,1B,21.8,25.4,50.77031097,294.4964604,0.2295717836,,,,,
23-19 ,23,12/Jul/18,2A,21.8,25.2,63.14511136,63.50980715,0.2184798229,,,,,
23-20 ,23,12/Jul/18,2B,21.8,25.2,69.85919278,63.14767878,0.2209956053,,,,,
4D16 ,4D,11/Jul/18,Atm,,,409.1005979,1.843120183,0.2949992348,,,,,
4D17 ,4D,11/Jul/18,1A,21.6,22.3,109.0313091,627.5424571,0.2859093989,,,,,
4D18 ,4D,11/Jul/18,1B,21.6,22.3,108.5604987,634.8154868,0.2854468891,,,,,
4D19 ,4D,11/Jul/18,2A,21.6,22,102.4672769,695.6050408,0.2900144725,,,,,
4D20 ,4D,11/Jul/18,2B,21.6,22,95.08672946,693.2274761,0.2873675074,,,,,
4C11 ,4C,11/Jul/18,Atm,,,404.9420867,1.878895038,0.2907149779,,,,,
4C12 ,4C,11/Jul/18,1A,21.1,22,88.09374204,183.2634089,0.2614135162,,,,,
4C13 ,4C,11/Jul/18,1B,21.1,22,191.9288855,117.9522582,0.2669710007,,,,,
4C14 ,4C,11/Jul/18,2A,21.1,22,43.76615893,393.2713557,0.2601716155,,,,,
4C15 ,4C,11/Jul/18,2B,21.1,22,53.87151769,394.3466135,0.2596900975,,,,,
56A11 ,56A,11/Jul/18,Atm,,,451.600861,1.956863154,0.2929644916,,,,,
56A12 ,56A,11/Jul/18,1A,21.7,23,412.3366946,1.995027341,0.2910754535,430.4873253,2.174606689,0.331304947,REMOVE,
56A13 ,56A,11/Jul/18,1B,21.7,23,382.7086913,8.819484894,0.2865550992,400.5550375,8.960688726,0.311416056,,
56A14 ,56A,11/Jul/18,2A,21.7,22.8,403.4377759,1.952102018,0.2908227591,436.8924383,2.023812327,0.3336267436,REMOVE,
56A15 ,56A,11/Jul/18,2B,21.7,22.8,368.9498125,21.78263708,0.3080232772,,,,,
56B11 ,56B,11/Jul/18,Atm,,,429.8335631,1.951733862,0.2866284424,,,,,
56B12 ,56B,11/Jul/18,1A,22.2,23,733.7866344,42.18959079,0.2546588919,,,,,
56B13 ,56B,11/Jul/18,1B,22.2,23,830.5625263,55.61948887,0.2501523892,,,,,
56B14 ,56B,11/Jul/18,2A,22.2,22.6,803.3938621,55.3649413,0.2463974425,,,,,
56B15 ,56B,11/Jul/18,2B,22.2,22.6,804.7567047,55.52871593,0.2510167698,,,,,
61C11 ,61C,10/Jul/18,Atm,,,430.507,1.894,0.297,,,,,
61C12 ,61C,10/Jul/18,1A,22.4,24,118.4043294,302.2307387,0.2751517528,,,,,
61C13 ,61C,10/Jul/18,1B,22.4,24,150.514,313.614,0.286,,,,,
61C14 ,61C,10/Jul/18,2A,22.4,24.2,76.047,258.086,0.294,,,,,
61C15 ,61C,10/Jul/18,2B,22.4,24.2,488.575,2.19,0.315,483.2719741,2.312432597,0.3324408844,REMOVE,
61B11 ,61B,10/Jul/18,Atm,,,446.6942226,1.991620705,0.2906991418,,,,,
61B12 ,61B,10/Jul/18,1A,22.4,21.6,925.085,39.069,0.478,911.4736439,38.17265449,0.4760605288,REMOVE,
61B13 ,61B,10/Jul/18,1B,22.4,21.6,1308.224008,73.66766702,0.6047396704,,,,,
61B14 ,61B,10/Jul/18,2A,22.4,21.7,1276.494179,66.90886468,0.6050679689,,,,,
61B15 ,61B,10/Jul/18,2B,22.4,21.7,1165.395,60.697,0.611,,,,,
62C11 ,62C,10/Jul/18,Atm,,,446.3519429,1.96344911,0.2896388262,,,,,
62C12 ,62C,10/Jul/18,1A,21.9,22,503.3655612,2208.593299,0.2987066629,,,,,
62C13 ,62C,10/Jul/18,1B,21.9,22,463.6231689,1588.072188,0.2970575869,,,,,
62C14 ,62C,10/Jul/18,2A,21.9,22.2,475.0087005,2522.713654,0.2904416157,,,,,
62C15 ,62C,10/Jul/18,2B,21.9,22.2,800.6435847,1371.949668,0.2868925877,,,,,
62B11 ,62B,10/Jul/18,Atm,,,415.7431312,9.552962969,0.299480473,,,,,
62B12 ,62B,10/Jul/18,1A,21.5,20.6,745.3640112,813.2386466,0.3349747554,,,,,
62B13 ,62B,10/Jul/18,1B,21.5,20.6,647.0744921,616.684161,0.3272909091,,,,,
62B14 ,62B,10/Jul/18,2A,21.5,20.7,608.8317628,447.0931804,0.3141610971,,,,,
62B15 ,62B,10/Jul/18,2B,21.5,20.7,606.8290619,428.392222,0.3197619984,,,,,
66A16 ,66A,9/Jul/18,Atm,,,407.707,1.92,0.312,,,,,
66A17 ,66A,9/Jul/18,1A,24.8,23,540.5178267,174.8410296,0.229621723,,,,,
66A18 ,66A,9/Jul/18,1B,24.8,23,546.915835,174.8437014,0.2303734723,,,,,
66A19 ,66A,9/Jul/18,2A,24.8,22.9,538.9541414,166.4125733,0.2327197922,,,,,
66A20 ,66A,9/Jul/18,2B,24.8,22.9,532.1214766,168.2148428,0.2288453433,,,,,
66C16 ,66C,9/Jul/18,Atm,,,410.4299055,2.987488259,0.2976371791,,,,,
66C17 ,66C,9/Jul/18,1A,23.6,23.5,206.8398967,691.4160734,0.2499976001,,,,,
66C18 ,66C,9/Jul/18,1B,23.6,23.5,170.4258358,684.633366,0.2502804873,,,,,
66C19 ,66C,9/Jul/18,2A,23.6,23.3,160.9108556,704.2912009,0.2513000769,,,,,
66C20 ,66C,9/Jul/18,2B,23.6,23.3,161.2585373,702.8808029,0.251780874,,,,,
66B11 ,66B,9/Jul/18,Atm,,,407.1755205,2.061636149,0.2894361884,,,,,
66B12 ,66B,9/Jul/18,1A,21.8,21.8,410.951885,1.874551308,0.291737588,436.8196897,2.052824726,0.3314184663,REMOVE,
66B13 ,66B,9/Jul/18,1B,21.8,21.8,255.6219701,134.1167343,0.2669340354,1407.582811,67.3257672,0.2530148214,,
66B14 ,66B,9/Jul/18,2A,21.8,22.3,188.832342,179.7089261,0.2691219858,,,,,
66B15 ,66B,9/Jul/18,2B,21.8,22.3,185.6557979,180.3797627,0.268934106,,,,,
4A16 ,4A,9/Jul/18,Atm,,,433.4389029,1.985887929,0.3003945228,,,,,
4A17 ,4A,9/Jul/18,1A,24.9,25,158.4311286,682.9154601,0.2784157611,,,,,
4A18 ,4A,9/Jul/18,1B,24.9,25,163.0733768,681.83392,0.281125863,,,,,
4A19 ,4A,9/Jul/18,2A,24.9,25.3,164.5672338,658.3254845,0.275432455,,,,,
4A20 ,4A,9/Jul/18,2B,24.9,25.3,158.7922447,661.5100047,0.2784053774,,,,,
66C21,66C,9/Aug/18,Atm,,,422.7465123,2.005705984,0.3110682058,,,,,
66C22,66C,9/Aug/18,1A,21.8,,325.1433315,238.799527,0.2554976082,,,,,
66C23,66C,9/Aug/18,1B,21.8,,333.437738,239.2599534,0.254439445,,,,,
66C24,66C,9/Aug/18,2A,21.8,,389.2262677,221.1798214,0.2601594566,,,,,
66C25,66C,9/Aug/18,2B,21.8,,392.5021486,217.0248282,0.2626930242,,,,,
66A21,66A,9/Aug/18,Atm,,,419.2496727,2.005993755,0.316725057,,,,,
66A22,66A,9/Aug/18,1A,23,23,2274.394029,127.300791,0.2252963292,,,,,
66A23,66A,9/Aug/18,1B,23,23,2389.38072,129.1370497,0.2246744588,,,,,
66A24,66A,9/Aug/18,2A,23,22.5,2022.945161,114.448659,0.1794407936,,,,,
66A25,66A,9/Aug/18,2B,23,22.5,1424.886505,69.12475161,0.2309509307,1407.582811,67.3257672,0.2530148214,REMOVE,
23-21,23,9/Aug/18,Atm,,,430.8972595,1.896763871,0.3090231924,,,,,
23-22,23,9/Aug/18,1A,26.1,24.1,102.7610276,116.6819814,0.2222026102,,,,,
23-23,23,9/Aug/18,1B,26.1,24.1,91.50881574,108.3358288,0.2247463464,,,,,
23-24,23,9/Aug/18,2A,26.1,24,221.7517826,86.03516725,0.248690269,233.3907212,83.86922036,0.2697914819,REMOVE,
23-25,23,9/Aug/18,2B,26.1,24,55.06859172,137.211682,0.2245311235,,,,,
4A21,4A,8/Aug/18,Atm,,,463.3236311,2.120261941,0.3185151058,,,,,
4A22,4A,8/Aug/18,1A,20.5,20.1,134.1972007,622.3222824,0.281993266,,,,,
4A23,4A,8/Aug/18,1B,20.5,20.1,128.5453652,621.8617626,0.2882444242,,,,,
4A24,4A,8/Aug/18,2A,20.5,20.1,172.1583661,661.1660654,0.2772129355,,,,,
4A25,4A,8/Aug/18,2B,20.5,20.1,116.8029968,661.5235342,0.2770753039,,,,,
4C21,4C,8/Aug/18,Atm,,,446.667231,5.31052532,0.3072800093,,,,,
4C22,4C,8/Aug/18,1A,20.4,20.3,474.6636924,2.191181887,0.3059370454,,,,,
4C23,4C,8/Aug/18,1B,20.4,20.3,561.0767346,89.60773999,0.3009906766,,,,,
4C24,4C,8/Aug/18,2A,20.4,20.7,526.4921192,87.23236363,0.294579769,,,,,
4C25,4C,8/Aug/18,2B,20.4,20.7,575.9895988,135.7283686,0.3028585322,,,,,
23-26,23,27/Sep/18,Atm,,,455.8154837,2.117428595,0.3002455144,,,,,
23-27,23,27/Sep/18,1A,7.6,7.2,362.2493547,30.17615587,0.2750300935,,,,,
23-28,23,27/Sep/18,1B,7.6,7.2,95.50645907,46.93118092,0.2740967409,,,,,
23-29,23,27/Sep/18,2A,7.6,7,91.66046281,48.62941129,0.2744996127,,,,,
23-30,23,27/Sep/18,2B,7.6,7,218.292774,29.00144577,0.2729220868,,,,,
32B21,32B,27/Sep/18,Atm,,,442.6316377,2.141493176,0.3105293872,,,,,
32B22,32B,27/Sep/18,1A,6.7,6.5,342.5849462,39.09414223,0.5402534051,,,,,
32B23,32B,27/Sep/18,1B,6.7,6.5,335.8853987,39.30233317,0.5485556434,,,,,
32B24,32B,27/Sep/18,2A,6.7,6.5,477.5244925,50.24934983,0.4223272254,,,,,
32B25,32B,27/Sep/18,2B,6.7,6.5,317.9225291,41.31409963,0.5513147131,,,,,
32A21,32A,27/Sep/18,Atm,,,452.4926063,2.00948292,0.3159365888,,,,,
32A22,32A,27/Sep/18,1A,6.5,5.7,387.5625706,367.4193418,0.2892754657,,,,,
32A23,32A,27/Sep/18,1B,6.5,5.7,356.5891607,612.8734515,0.2967866424,,,,,
32A24,32A,27/Sep/18,2A,6.5,5.7,323.8087314,600.6041308,0.2796231865,,,,,
32A25,32A,27/Sep/18,2B,6.5,5.7,335.3440762,602.4229929,0.2802782063,,,,,
32C21,32C,27/Sep/18,Atm,,,427.9271811,2.020497271,0.3015329662,,,,,
32C22,32C,27/Sep/18,1A,6.4,5.1,#N/A,#N/A,#N/A,,,,,
32C23,32C,27/Sep/18,1B,6.4,5.1,129.1916472,35.87292624,0.2869863311,,,,,
32C24,32C,27/Sep/18,2A,6.4,5.1,279.8314556,18.35891354,0.287711006,,,,,
32C25,32C,27/Sep/18,2B,6.4,5.1,138.1317077,34.9028702,0.287573267,,,,,
56A21,56A,26/Sep/18,Atm,,,441.5649478,1.981603459,0.3125245695,,,,,
56A22,56A,26/Sep/18,1A,7.8,8.1,325.5390013,6.867714552,0.3173304038,,,,,
56A23,56A,26/Sep/18,1B,7.8,8.1,318.0757367,6.619751111,0.3106729774,,,,,
56A24,56A,26/Sep/18,2A,7.8,8.7,330.6598164,6.402050954,0.3075393525,,,,,
56A25,56A,26/Sep/18,2B,7.8,8.7,334.6577457,6.716353517,0.3114213763,,,,,
56B21,56B,26/Sep/18,Atm,,,434.4183915,2.582745627,0.310821612,,,,,
56B22,56B,26/Sep/18,1A,7.1,7.2,75.96954278,14.5570935,0.2883062545,,,,,
56B23,56B,26/Sep/18,1B,7.1,7.2,80.46463186,13.80510901,0.2888428044,,,,,
56B24,56B,26/Sep/18,2A,7.1,7.1,94.02959824,13.14398023,0.2748362115,,,,,
56B25,56B,26/Sep/18,2B,7.1,7.1,#N/A,#N/A,#N/A,,,,,
4D26,4D,26/Sep/18,Atm,,,439.4694429,1.936385789,0.3113202189,,,,,
4D27,4D,26/Sep/18,1A,7.5,9,242.5451263,170.5928308,0.2775766356,,,,,
4D28,4D,26/Sep/18,1B,7.5,9,242.4424453,173.1492528,0.2803726603,,,,,
4D29,4D,26/Sep/18,2A,7.5,9,205.2719923,166.954622,0.2748135246,,,,,
4D30,4D,26/Sep/18,2B,7.5,9,191.1569062,174.332757,0.27511789,,,,,
4C21,4C,26/Sep/18,Atm,,,446.667231,5.31052532,0.3072800093,,,,,
4C22,4C,26/Sep/18,1A,8.9,9.5,474.6636924,2.191181887,0.3059370454,,,,,
4C23,4C,26/Sep/18,1B,8.9,9.5,561.0767346,89.60773999,0.3009906766,,,,,
4C24,4C,26/Sep/18,2A,8.9,9.2,526.4921192,87.23236363,0.294579769,,,,,
4C25,4C,26/Sep/18,2B,8.9,9.2,575.9895988,135.7283686,0.3028585322,,,,,
61C21,61C,25/Sep/18,Atm,,,428.9761921,2.013473719,0.305960502,,,,,
61C22,61C,25/Sep/18,1A,6.8,7.4,646.665873,93.11127328,0.3022601409,,,,,
61C23,61C,25/Sep/18,1B,6.8,7.4,662.7913139,93.22641312,0.31265763,,,,,
61C24,61C,25/Sep/18,2A,6.8,7.2,630.7898641,57.83121138,0.3023256269,,,,,
61C25,61C,25/Sep/18,2B,6.8,7.2,613.7347422,52.95049255,0.3008831493,,,,,
61B21,61B,25/Sep/18,Atm,,,441.8542292,2.035652928,0.3102887702,,,,,
61B22,61B,25/Sep/18,1A,6.3,7,789.7543519,27.93653414,0.461173018,,,,,
61B23,61B,25/Sep/18,1B,6.3,7,781.5933678,28.19438651,0.4582436135,,,,,
61B24,61B,25/Sep/18,2A,6.3,7.2,630.1002161,17.51030867,0.372610111,,,,,
61B25,61B,25/Sep/18,2B,6.3,7.2,731.0865102,26.80110849,0.4247652317,,,,,
62E21,62E,25/Sep/18,Atm,,,439.9121864,2.040534388,0.3101788609,,,,,
62E22,62E,25/Sep/18,1A,8.2,7.9,1501.912226,95.77426851,0.6198253776,,,,,
62E23,62E,25/Sep/18,1B,8.2,7.9,1501.628299,95.46911813,0.6147310809,,,,,
62E24,62E,25/Sep/18,2A,8.2,7.8,1501.54842,100.211026,0.7843471732,,,,,
62E25,62E,25/Sep/18,2B,8.2,7.8,1469.583515,95.33457699,0.5987258828,,,,,
62C21,62C,25/Sep/18,Atm,,,474.3169108,2.203410456,0.8778559414,,,,,
62C22,62C,25/Sep/18,1A,7.8,8.2,179.1846482,83.82748839,0.2620781204,,,,,
62C23,62C,25/Sep/18,1B,7.8,8.2,193.526488,84.10208967,0.2633241291,,,,,
62C24,62C,25/Sep/18,2A,7.8,8.4,188.3766258,77.37940843,0.2596684312,,,,,
62C25,62C,25/Sep/18,2B,7.8,8.4,189.7626143,77.68959632,0.2659021831,,,,,
62B21,62B,25/Sep/18,Atm,,,431.2105138,2.204040277,0.3011934168,,,,,
62B22,62B,25/Sep/18,1A,7.3,6.7,503.6260614,177.1893545,0.2780995382,,,,,
62B23,62B,25/Sep/18,1B,7.3,6.7,546.9585025,176.3649086,0.2844627811,,,,,
62B24,62B,25/Sep/18,2A,7.3,6.6,496.7997314,178.5337197,0.2743522804,,,,,
62B25,62B,25/Sep/18,2B,7.3,6.6,558.8003162,108.8574005,0.2862532712,,,,,
4A26,4A,24/Sep/18,Atm,,,434.1083901,2.111209422,0.3061499828,,,,,
4A27,4A,24/Sep/18,1A,6.4,5.8,550.8213064,214.5112176,0.2723197086,,,,,
4A28,4A,24/Sep/18,1B,6.4,5.8,544.3214599,214.2100462,0.2731491034,,,,,
4A29,4A,24/Sep/18,2A,6.4,5.6,558.0850248,131.4275917,0.274592644,,,,,
4A30,4A,24/Sep/18,2B,6.4,5.6,589.3351602,212.2842593,0.2682723611,,,,,
66A26,66A,24/Sep/18,Atm,,,443.457802,1.977217314,0.3094072171,,,,,
66A27,66A,24/Sep/18,1A,6.5,6.2,2384.572091,70.96505602,0.2157581664,,,,,
66A28,66A,24/Sep/18,1B,6.5,6.2,2380.489236,70.5674835,0.2224887921,,,,,
66A29,66A,24/Sep/18,2A,6.5,6.2,2332.352442,74.97390195,0.2197080209,,,,,
66A30,66A,24/Sep/18,2B,6.5,6.2,2365.299458,75.75741694,0.2207396716,,,,,
66C26,66C,24/Sep/18,Atm,,,435.1435785,2.072074785,0.3074686851,,,,,
66C27,66C,24/Sep/18,1A,6.4,5.6,687.6603082,172.5180553,0.27238877,,,,,
66C28,66C,24/Sep/18,1B,6.4,5.6,697.2030415,172.1905715,0.2761027669,,,,,
66C29,66C,24/Sep/18,2A,6.4,5.5,710.9507133,189.3285833,0.2712917075,,,,,
66C30,66C,24/Sep/18,2B,6.4,5.5,725.354775,187.8217877,0.2765344701,,,,,
66B21,66B,24/Sep/18,Atm,,,441.7141509,2.051117589,0.3104288338,,,,,
66B22,66B,24/Sep/18,1A,6,5.4,1039.334333,138.1421634,0.2980457153,,,,,
66B23,66B,24/Sep/18,1B,6,5.4,1045.880089,138.8747435,0.2995578704,,,,,
66B24,66B,24/Sep/18,2A,6,5.2,1015.648158,136.3697165,0.2895143729,,,,,
66B25,66B,24/Sep/18,2B,6,5.2,798.0845924,78.89865766,0.2911785167,,,,,
14A21,14A,29/Sep/18,Atm,,,#N/A,#N/A,#N/A,,,,,
14A22,14A,29/Sep/18,1A,6,5.5,#N/A,#N/A,#N/A,,,,,
14A23,14A,29/Sep/18,1B,6,5.5,#N/A,#N/A,#N/A,,,,,
14A24,14A,29/Sep/18,2A,6,5.8,#N/A,#N/A,#N/A,,,,,
14A25,14A,29/Sep/18,2B,6,5.8,#N/A,#N/A,#N/A,,,,,
14B21,14B,29/Sep/18,Atm,,,#N/A,#N/A,#N/A,,,,,
14B22,14B,29/Sep/18,1A,5.9,5.2,#N/A,#N/A,#N/A,,,,,
14B23,14B,29/Sep/18,1B,5.9,5.2,#N/A,#N/A,#N/A,,,,,
14B24,14B,29/Sep/18,2A,5.9,5.4,#N/A,#N/A,#N/A,,,,,
14B25,14B,29/Sep/18,2B,5.9,5.4,#N/A,#N/A,#N/A,,,,,